Возраст,Пол,Квалификация,Стаж,Семейное положение,Иждивенцы,Срок проживания,Иностранное гражданство,Телефон,Банковский счет,Сберегательный счет,Собственность,Плата за жилье,Кредитный рейтинг,Число кредитов,Другие кредиты,Сумма,Срок,Процентная ставка платежа,Поручители,Цель,Класс
0,42,0,2,2,замужем/живет раздельно/разведена,1,1,1,1,1,1,автомобиль,собственность,4,1,нет,3804,36,4,нет,радио/телевидение,0
1,32,1,2,2,никогда не состоял(а),1,2,1,0,0,1,страхование жизни/сберегательный договор,собственность,0,2,банк,1530,18,3,нет,автомобиль (новый),0
2,34,0,2,1,замужем/живет раздельно/разведена,1,4,1,1,-1,1,автомобиль,собственность,2,1,нет,1842,36,4,нет,автомобиль (новый),0
3,24,0,2,2,замужем/живет раздельно/разведена,1,2,1,0,-1,0,автомобиль,аренда,2,1,нет,1275,15,4,нет,бытовая техника,0
4,27,0,0,0,замужем/живет раздельно/разведена,1,1,1,0,-1,1,недвижимость,собственность,2,1,нет,750,18,4,нет,образование,0
5,25,1,0,0,никогда не состоял(а),1,1,1,0,-1,1,автомобиль,собственность,2,1,нет,2473,18,4,нет,мебель/оборудование,0
6,28,1,3,0,женат/овдовел,1,2,1,0,1,1,автомобиль,собственность,0,2,нет,4249,30,4,нет,автомобиль (новый),0
7,40,1,3,4,живет раздельно/разведен,1,3,1,1,1,1,неизвестно/нет собственности,собственность,1,1,нет,4297,18,4,нет,мебель/оборудование,0
8,44,1,3,2,живет раздельно/разведен,1,4,1,1,-1,1,недвижимость,аренда,0,1,нет,3384,6,1,нет,мебель/оборудование,0
9,43,1,2,4,никогда не состоял(а),1,4,1,1,-1,1,страхование жизни/сберегательный договор,аренда,0,1,банк,2625,16,2,поручитель,автомобиль (новый),0
10,28,0,1,2,замужем/живет раздельно/разведена,1,2,1,0,2,1,недвижимость,собственность,2,1,нет,745,9,3,нет,радио/телевидение,0
11,24,1,2,3,никогда не состоял(а),1,4,1,1,-1,1,автомобиль,собственность,0,2,нет,9629,36,4,нет,автомобиль (б/у),0
12,27,1,2,2,никогда не состоял(а),1,3,1,1,-1,1,неизвестно/нет собственности,собственность,0,1,банк,5998,40,4,нет,образование,0
13,23,0,2,3,замужем/живет раздельно/разведена,1,4,1,0,-1,1,недвижимость,аренда,2,1,нет,2406,30,4,нет,мебель/оборудование,0
14,63,1,2,4,никогда не состоял(а),1,4,1,1,-1,1,неизвестно/нет собственности,собственность,1,2,нет,6836,60,3,нет,бизнес,0
15,38,1,2,3,никогда не состоял(а),2,3,1,0,2,1,неизвестно/нет собственности,бесплатно,2,1,банк,947,24,4,нет,автомобиль (новый),0
16,23,0,2,3,замужем/живет раздельно/разведена,1,4,1,0,-1,1,автомобиль,аренда,2,2,нет,1442,24,4,нет,автомобиль (новый),0
17,24,1,2,4,никогда не состоял(а),2,4,1,0,-1,1,неизвестно/нет собственности,бесплатно,4,2,нет,4605,48,3,нет,автомобиль (б/у),0
18,40,1,1,2,никогда не состоял(а),2,2,1,0,-1,0,страхование жизни/сберегательный договор,собственность,3,2,нет,1647,21,4,нет,автомобиль (новый),0
19,33,1,2,0,живет раздельно/разведен,1,1,1,0,-1,2,страхование жизни/сберегательный договор,собственность,2,1,нет,2359,24,1,нет,мебель/оборудование,0
20,23,0,1,1,замужем/живет раздельно/разведена,1,2,1,0,-1,1,автомобиль,собственность,2,1,нет,976,18,1,нет,автомобиль (новый),0
21,33,1,1,1,женат/овдовел,1,3,1,1,-1,2,неизвестно/нет собственности,собственность,2,1,нет,727,12,4,нет,радио/телевидение,0
22,24,0,2,2,замужем/живет раздельно/разведена,1,4,1,0,-1,1,недвижимость,аренда,0,2,нет,2124,18,4,нет,мебель/оборудование,0
23,25,1,2,2,женат/овдовел,1,2,1,0,1,2,страхование жизни/сберегательный договор,аренда,3,1,нет,1264,15,2,нет,автомобиль (новый),0
24,30,1,2,4,никогда не состоял(а),1,3,1,0,1,1,недвижимость,собственность,0,2,банк,1056,18,3,поручитель,автомобиль (новый),0
25,25,0,3,2,замужем/живет раздельно/разведена,1,2,1,1,-1,1,неизвестно/нет собственности,собственность,0,2,нет,8065,36,3,нет,образование,0
26,43,1,1,1,женат/овдовел,2,1,1,0,0,1,страхование жизни/сберегательный договор,собственность,2,1,нет,1533,18,4,созаемщик,мебель/оборудование,0
27,34,0,3,0,замужем/живет раздельно/разведена,1,2,1,1,1,1,страхование жизни/сберегательный договор,собственность,1,1,нет,2064,24,3,нет,мебель/оборудование,0
28,35,1,2,4,никогда не состоял(а),1,2,1,1,0,3,автомобиль,собственность,2,2,банк,2397,24,3,нет,радио/телевидение,0
29,28,1,2,3,никогда не состоял(а),1,4,1,0,1,1,недвижимость,собственность,2,2,нет,3060,48,4,нет,радио/телевидение,0
30,30,0,2,2,замужем/живет раздельно/разведена,1,2,1,0,0,2,недвижимость,собственность,0,2,нет,1864,18,4,нет,образование,0
31,22,0,2,0,замужем/живет раздельно/разведена,1,4,1,0,0,1,недвижимость,аренда,2,1,нет,433,18,3,созаемщик,радио/телевидение,0
32,25,0,1,1,замужем/живет раздельно/разведена,1,4,1,1,1,1,автомобиль,собственность,2,1,нет,1355,24,3,нет,автомобиль (новый),0
33,26,0,2,2,замужем/живет раздельно/разведена,1,2,1,0,0,3,страхование жизни/сберегательный договор,собственность,2,1,нет,1386,12,2,нет,автомобиль (новый),0
34,23,0,2,1,замужем/живет раздельно/разведена,1,4,1,0,-1,1,страхование жизни/сберегательный договор,собственность,2,1,нет,448,6,4,нет,образование,0
35,36,1,2,4,никогда не состоял(а),1,4,1,0,-1,1,неизвестно/нет собственности,аренда,2,1,нет,7297,60,4,созаемщик,бизнес,0
36,31,1,2,4,никогда не состоял(а),1,4,1,0,-1,0,страхование жизни/сберегательный договор,собственность,2,1,нет,6350,30,4,нет,мебель/оборудование,0
37,23,1,1,2,никогда не состоял(а),1,2,1,0,1,3,страхование жизни/сберегательный договор,собственность,0,2,нет,2520,27,4,нет,радио/телевидение,0
38,52,1,3,0,никогда не состоял(а),1,1,1,1,1,0,неизвестно/нет собственности,собственность,2,1,нет,6468,12,2,нет,радио/телевидение,0
39,29,0,2,2,замужем/живет раздельно/разведена,1,4,1,1,0,0,страхование жизни/сберегательный договор,собственность,4,2,банк,5003,21,1,нет,автомобиль (новый),0
40,31,1,2,4,живет раздельно/разведен,1,4,1,1,1,1,недвижимость,собственность,0,2,нет,1935,24,4,нет,бизнес,0
41,61,1,2,2,женат/овдовел,1,3,1,0,1,4,страхование жизни/сберегательный договор,собственность,1,2,магазин,1512,15,3,нет,ремонт,0
42,22,1,2,1,женат/овдовел,1,2,1,1,1,2,автомобиль,аренда,2,1,нет,3092,24,3,нет,радио/телевидение,0
43,35,0,2,1,замужем/живет раздельно/разведена,1,4,1,1,-1,1,недвижимость,собственность,2,1,нет,2439,24,4,нет,радио/телевидение,0
44,53,1,2,2,никогда не состоял(а),2,4,1,0,-1,1,неизвестно/нет собственности,бесплатно,1,2,нет,4870,24,3,нет,автомобиль (новый),0
45,23,1,2,2,женат/овдовел,1,2,1,0,-1,0,автомобиль,собственность,2,1,нет,900,12,4,нет,автомобиль (новый),0
46,25,1,1,1,никогда не состоял(а),1,2,1,0,1,1,страхование жизни/сберегательный договор,собственность,0,2,нет,4746,45,4,нет,радио/телевидение,0
47,21,1,2,2,никогда не состоял(а),1,4,1,0,1,2,страхование жизни/сберегательный договор,аренда,2,1,нет,3031,45,4,поручитель,радио/телевидение,0
48,68,1,2,2,никогда не состоял(а),1,4,1,0,0,0,автомобиль,аренда,2,2,нет,6761,18,2,нет,автомобиль (новый),0
49,25,0,2,4,замужем/живет раздельно/разведена,1,2,1,1,1,0,страхование жизни/сберегательный договор,собственность,2,1,банк,2762,12,1,нет,мебель/оборудование,0
50,29,0,1,1,замужем/живет раздельно/разведена,1,2,1,1,-1,1,автомобиль,аренда,1,1,нет,1659,24,4,нет,радио/телевидение,0
51,25,1,2,2,женат/овдовел,1,1,1,1,1,0,недвижимость,собственность,2,1,нет,1484,12,2,нет,радио/телевидение,0
52,24,0,2,2,замужем/живет раздельно/разведена,1,2,1,0,-1,1,недвижимость,собственность,2,1,нет,3190,18,2,нет,радио/телевидение,0
53,34,1,1,2,никогда не состоял(а),2,1,1,0,2,1,недвижимость,собственность,2,1,нет,2864,18,2,нет,мебель/оборудование,0
54,23,0,2,2,замужем/живет раздельно/разведена,1,4,1,0,-1,3,автомобиль,собственность,0,2,нет,4281,33,1,нет,мебель/оборудование,0
55,23,1,1,1,никогда не состоял(а),1,2,1,0,1,1,недвижимость,собственность,2,1,магазин,1246,24,4,нет,автомобиль (новый),0
56,34,1,2,3,женат/овдовел,1,1,1,1,-1,1,недвижимость,собственность,2,2,нет,6999,48,1,поручитель,радио/телевидение,0
57,58,0,1,4,замужем/живет раздельно/разведена,1,4,1,0,-1,1,неизвестно/нет собственности,бесплатно,0,2,магазин,6143,48,4,нет,автомобиль (б/у),0
58,39,1,3,2,никогда не состоял(а),2,3,1,1,1,1,автомобиль,собственность,0,2,нет,11938,24,2,созаемщик,другое,0
59,24,1,1,3,никогда не состоял(а),1,4,1,0,-1,1,автомобиль,аренда,3,1,банк,1546,24,4,поручитель,радио/телевидение,0
60,42,1,2,2,никогда не состоял(а),1,4,1,0,1,1,неизвестно/нет собственности,бесплатно,2,1,нет,6288,60,4,нет,образование,0
61,36,1,2,2,никогда не состоял(а),2,2,1,1,1,1,автомобиль,собственность,2,1,нет,3915,27,4,нет,бизнес,0
62,28,1,2,2,женат/овдовел,1,2,1,1,0,1,автомобиль,собственность,1,1,нет,2169,18,4,нет,бизнес,0
63,29,1,2,2,никогда не состоял(а),1,3,1,1,-1,1,страхование жизни/сберегательный договор,собственность,1,1,магазин,6887,36,4,нет,образование,0
64,46,1,2,4,живет раздельно/разведен,1,1,1,0,1,1,недвижимость,аренда,2,2,нет,1223,12,1,нет,автомобиль (новый),0
65,32,0,1,2,замужем/живет раздельно/разведена,1,2,1,0,-1,2,автомобиль,собственность,2,1,нет,1282,24,4,нет,радио/телевидение,0
66,28,1,1,2,никогда не состоял(а),1,3,1,0,-1,1,автомобиль,собственность,2,1,нет,654,9,4,нет,автомобиль (новый),0
67,36,1,2,2,никогда не состоял(а),2,2,1,0,0,1,автомобиль,собственность,4,2,магазин,4165,18,2,нет,бизнес,0
68,31,1,1,1,живет раздельно/разведен,1,4,1,0,-1,1,страхование жизни/сберегательный договор,собственность,2,1,нет,3108,30,2,нет,мебель/оборудование,0
69,24,0,3,1,замужем/живет раздельно/разведена,1,2,1,0,1,2,страхование жизни/сберегательный договор,собственность,2,1,нет,7408,60,4,нет,автомобиль (новый),0
70,26,1,3,2,никогда не состоял(а),1,2,1,1,0,1,автомобиль,собственность,1,2,нет,4463,36,4,нет,радио/телевидение,0
71,27,1,2,1,живет раздельно/разведен,1,4,1,0,1,1,автомобиль,собственность,0,2,нет,2820,36,4,нет,автомобиль (новый),0
72,46,1,2,1,никогда не состоял(а),1,2,1,1,-1,1,автомобиль,собственность,3,2,банк,697,12,4,нет,автомобиль (новый),0
73,21,0,2,2,замужем/живет раздельно/разведена,1,3,1,0,0,1,недвижимость,аренда,2,1,нет,2570,27,3,нет,автомобиль (новый),0
74,33,0,2,4,замужем/живет раздельно/разведена,1,4,1,1,-1,1,недвижимость,аренда,0,3,банк,3966,18,1,нет,автомобиль (новый),0
75,24,0,1,2,замужем/живет раздельно/разведена,1,2,1,0,-1,1,недвижимость,собственность,2,1,нет,1228,12,4,нет,автомобиль (новый),0
76,28,0,3,2,замужем/живет раздельно/разведена,1,2,1,1,0,1,автомобиль,собственность,2,1,нет,3349,36,4,нет,мебель/оборудование,0
77,30,0,3,3,замужем/живет раздельно/разведена,1,3,1,1,-1,0,автомобиль,собственность,2,1,нет,7174,42,4,нет,радио/телевидение,0
78,23,1,2,4,никогда не состоял(а),2,4,1,0,-1,1,неизвестно/нет собственности,аренда,4,2,банк,4110,24,3,нет,мебель/оборудование,0
79,28,0,2,1,замужем/живет раздельно/разведена,1,4,1,0,1,3,автомобиль,аренда,2,1,нет,4113,24,3,нет,автомобиль (б/у),0
80,25,0,2,2,замужем/живет раздельно/разведена,1,4,1,0,-1,0,недвижимость,аренда,2,1,нет,1371,24,4,нет,автомобиль (новый),0
81,22,1,2,2,никогда не состоял(а),1,2,1,0,-1,1,автомобиль,собственность,2,1,нет,2462,18,2,нет,мебель/оборудование,0
82,57,1,1,4,никогда не состоял(а),1,4,1,0,-1,1,недвижимость,собственность,2,1,магазин,709,12,4,нет,радио/телевидение,0
83,66,1,1,2,никогда не состоял(а),1,3,1,0,1,3,недвижимость,собственность,2,1,нет,766,12,4,нет,радио/телевидение,0
84,20,0,2,2,замужем/живет раздельно/разведена,1,4,1,0,-1,1,автомобиль,аренда,2,1,нет,1282,12,2,нет,мебель/оборудование,0
85,21,0,2,2,замужем/живет раздельно/разведена,1,4,1,0,1,2,автомобиль,аренда,2,1,нет,3441,30,2,созаемщик,мебель/оборудование,0
86,55,1,2,1,живет раздельно/разведен,1,1,1,1,-1,1,страхование жизни/сберегательный договор,собственность,3,1,банк,6872,24,2,нет,мебель/оборудование,0
87,44,0,3,4,замужем/живет раздельно/разведена,1,2,1,1,1,1,неизвестно/нет собственности,бесплатно,2,1,нет,12579,24,4,нет,автомобиль (б/у),0
88,47,1,3,0,никогда не состоял(а),1,4,1,1,1,1,страхование жизни/сберегательный договор,собственность,1,1,нет,1209,6,4,нет,автомобиль (новый),0
89,30,0,2,2,замужем/живет раздельно/разведена,1,1,1,0,1,1,страхование жизни/сберегательный договор,собственность,2,1,нет,918,9,4,нет,мебель/оборудование,0
90,20,1,2,2,женат/овдовел,1,4,1,0,-1,0,автомобиль,собственность,2,1,нет,2996,24,2,нет,мебель/оборудование,0
91,55,1,2,4,никогда не состоял(а),2,4,1,0,0,4,неизвестно/нет собственности,бесплатно,1,2,нет,1555,12,4,нет,ремонт,0
92,45,1,3,4,живет раздельно/разведен,1,4,0,1,-1,1,страхование жизни/сберегательный договор,собственность,2,1,нет,8978,14,1,нет,автомобиль (новый),0
93,34,0,1,3,замужем/живет раздельно/разведена,1,4,1,0,1,1,неизвестно/нет собственности,бесплатно,3,1,банк,1837,24,4,нет,образование,0
94,53,1,2,2,никогда не состоял(а),2,4,1,0,-1,1,неизвестно/нет собственности,бесплатно,4,2,нет,7119,48,3,нет,мебель/оборудование,0
95,34,1,3,0,никогда не состоял(а),2,2,1,1,1,2,страхование жизни/сберегательный договор,собственность,3,1,нет,6850,15,1,нет,автомобиль (новый),0
96,39,1,2,2,никогда не состоял(а),1,4,1,1,2,0,неизвестно/нет собственности,бесплатно,0,2,нет,1271,15,3,нет,радио/телевидение,0
97,42,1,3,4,никогда не состоял(а),1,4,1,1,1,2,автомобиль,собственность,1,4,нет,8086,36,2,нет,автомобиль (новый),0
98,25,0,2,2,замужем/живет раздельно/разведена,1,2,1,1,0,1,недвижимость,собственность,0,2,магазин,7855,36,4,нет,автомобиль (новый),0
99,32,0,2,1,замужем/живет раздельно/разведена,1,4,1,0,0,1,страхование жизни/сберегательный договор,собственность,2,1,нет,4611,6,1,нет,мебель/оборудование,0
100,20,0,1,2,замужем/живет раздельно/разведена,1,4,1,1,1,1,страхование жизни/сберегательный договор,аренда,2,1,нет,2718,24,3,нет,автомобиль (новый),0
101,53,0,3,0,замужем/живет раздельно/разведена,1,1,1,1,0,0,недвижимость,собственность,3,1,банк,7485,30,4,нет,автомобиль (б/у),0
102,55,0,0,0,замужем/живет раздельно/разведена,2,4,1,0,-1,1,неизвестно/нет собственности,бесплатно,0,3,нет,1190,18,2,нет,ремонт,0
103,59,0,2,4,замужем/живет раздельно/разведена,1,3,1,0,1,1,неизвестно/нет собственности,аренда,3,1,нет,6416,48,4,нет,бизнес,0
104,26,1,2,2,женат/овдовел,1,3,1,0,-1,1,недвижимость,собственность,2,1,банк,1345,18,4,нет,радио/телевидение,0
105,47,1,2,2,никогда не состоял(а),2,4,1,1,1,2,неизвестно/нет собственности,бесплатно,2,1,нет,12612,36,1,нет,образование,0
106,44,0,2,1,замужем/живет раздельно/разведена,1,1,1,1,0,0,автомобиль,собственность,2,2,нет,5943,24,1,нет,радио/телевидение,0
107,27,1,2,1,никогда не состоял(а),1,4,1,1,0,0,автомобиль,аренда,1,2,нет,7980,36,4,нет,бизнес,0
108,27,1,2,3,никогда не состоял(а),1,2,1,1,1,4,неизвестно/нет собственности,собственность,2,2,банк,10961,48,1,созаемщик,радио/телевидение,0
109,68,1,3,4,никогда не состоял(а),1,4,1,1,-1,1,неизвестно/нет собственности,собственность,2,1,банк,14896,6,1,нет,автомобиль (новый),0
110,29,1,2,3,никогда не состоял(а),1,2,1,0,-1,1,страхование жизни/сберегательный договор,собственность,2,1,нет,5179,36,4,нет,мебель/оборудование,0
111,57,1,3,4,никогда не состоял(а),1,2,1,1,1,1,неизвестно/нет собственности,бесплатно,2,1,нет,14318,36,4,нет,автомобиль (новый),0
112,32,1,1,3,никогда не состоял(а),2,4,1,0,-1,1,неизвестно/нет собственности,бесплатно,3,2,нет,1442,18,4,нет,автомобиль (новый),0
113,29,0,2,2,замужем/живет раздельно/разведена,1,2,1,0,-1,1,недвижимость,собственность,0,2,нет,3499,12,3,созаемщик,автомобиль (новый),0
114,26,1,2,3,никогда не состоял(а),2,2,1,1,-1,1,страхование жизни/сберегательный договор,собственность,1,2,банк,4370,42,3,нет,радио/телевидение,0
115,29,0,1,2,замужем/живет раздельно/разведена,1,4,1,0,0,3,автомобиль,аренда,2,1,нет,1123,12,4,нет,мебель/оборудование,0
116,37,1,2,2,никогда не состоял(а),1,2,1,0,2,1,недвижимость,собственность,2,1,магазин,2100,18,4,созаемщик,радио/телевидение,0
117,40,1,3,4,никогда не состоял(а),1,4,1,1,-1,0,неизвестно/нет собственности,собственность,2,1,нет,1977,36,4,нет,образование,0
118,22,1,2,3,никогда не состоял(а),1,2,1,0,0,1,автомобиль,собственность,2,1,нет,1478,9,4,нет,радио/телевидение,0
119,33,0,2,0,замужем/живет раздельно/разведена,1,2,1,0,-1,1,автомобиль,собственность,2,1,нет,1131,18,4,нет,мебель/оборудование,0
120,46,1,2,3,никогда не состоял(а),2,4,1,0,-1,1,неизвестно/нет собственности,бесплатно,2,1,нет,3931,48,4,нет,автомобиль (новый),0
121,50,1,2,0,никогда не состоял(а),1,4,1,1,-1,1,страхование жизни/сберегательный договор,собственность,4,2,магазин,5293,27,2,нет,бизнес,0
122,43,1,2,4,никогда не состоял(а),1,4,1,1,-1,1,страхование жизни/сберегательный договор,аренда,0,2,нет,4843,12,3,созаемщик,автомобиль (новый),0
123,27,1,2,3,никогда не состоял(а),1,4,1,0,-1,1,автомобиль,собственность,3,1,банк,3552,24,3,нет,мебель/оборудование,0
124,35,0,2,4,замужем/живет раздельно/разведена,1,4,1,0,-1,1,неизвестно/нет собственности,бесплатно,3,1,нет,1198,6,4,нет,образование,0
125,41,1,1,1,никогда не состоял(а),2,2,1,0,0,3,недвижимость,собственность,1,1,банк,2580,21,4,нет,бизнес,0
126,22,0,2,1,замужем/живет раздельно/разведена,1,2,1,1,1,1,автомобиль,собственность,2,1,нет,1670,9,4,нет,радио/телевидение,0
127,32,1,2,4,никогда не состоял(а),2,3,1,0,1,4,неизвестно/нет собственности,бесплатно,0,2,нет,1136,9,4,нет,образование,0
128,28,0,2,2,замужем/живет раздельно/разведена,1,4,1,1,1,2,автомобиль,аренда,2,2,нет,2631,15,2,нет,автомобиль (новый),0
129,41,1,1,4,никогда не состоял(а),2,4,1,0,1,1,автомобиль,собственность,2,1,банк,888,12,4,нет,автомобиль (новый),0
130,54,1,3,2,никогда не состоял(а),1,3,1,1,0,4,страхование жизни/сберегательный договор,собственность,2,3,нет,4591,24,2,нет,бизнес,0
131,37,1,2,4,никогда не состоял(а),2,3,1,0,1,1,автомобиль,собственность,2,1,нет,802,15,4,нет,радио/телевидение,0
132,29,0,2,2,замужем/живет раздельно/разведена,1,2,1,1,-1,1,страхование жизни/сберегательный договор,собственность,2,1,нет,3959,15,3,нет,автомобиль (новый),0
133,23,1,0,0,никогда не состоял(а),1,2,1,1,1,0,страхование жизни/сберегательный договор,собственность,2,1,нет,14555,6,1,нет,автомобиль (новый),0
134,30,1,3,0,никогда не состоял(а),2,2,1,0,-1,1,автомобиль,собственность,2,1,магазин,1823,24,4,нет,радио/телевидение,0
135,26,0,0,1,замужем/живет раздельно/разведена,1,1,1,0,2,1,недвижимость,собственность,3,1,нет,609,12,4,нет,бизнес,0
136,33,1,2,1,живет раздельно/разведен,1,1,1,0,2,1,автомобиль,аренда,0,1,нет,2319,21,2,нет,образование,0
137,48,1,2,1,женат/овдовел,1,4,1,0,-1,1,недвижимость,собственность,1,1,магазин,1024,24,4,нет,радио/телевидение,0
138,37,0,2,3,замужем/живет раздельно/разведена,1,4,1,0,-1,1,автомобиль,аренда,3,1,нет,7685,48,2,поручитель,бизнес,0
139,28,1,2,2,никогда не состоял(а),1,2,1,1,-1,1,страхование жизни/сберегательный договор,аренда,4,2,нет,6199,12,4,нет,радио/телевидение,0
140,47,1,1,4,никогда не состоял(а),2,4,1,0,0,1,автомобиль,собственность,1,2,нет,2538,24,4,нет,автомобиль (новый),0
141,39,1,2,3,никогда не состоял(а),2,4,1,1,-1,1,неизвестно/нет собственности,бесплатно,2,3,магазин,10297,48,4,нет,автомобиль (б/у),0
142,31,1,2,3,никогда не состоял(а),1,3,1,1,-1,1,страхование жизни/сберегательный договор,собственность,2,1,нет,4817,24,2,созаемщик,автомобиль (новый),0
143,40,1,1,2,никогда не состоял(а),2,4,1,0,-1,1,автомобиль,аренда,2,1,нет,684,12,4,нет,образование,0
144,22,1,2,1,никогда не состоял(а),1,1,1,0,1,1,автомобиль,собственность,2,1,магазин,1331,12,2,нет,радио/телевидение,0
145,49,1,2,3,никогда не состоял(а),1,2,1,0,1,1,страхование жизни/сберегательный договор,собственность,0,1,нет,8386,30,2,нет,мебель/оборудование,0
146,35,1,2,4,никогда не состоял(а),1,4,1,1,-1,1,неизвестно/нет собственности,бесплатно,2,1,нет,3386,12,3,нет,автомобиль (б/у),0
147,25,1,1,2,никогда не состоял(а),1,2,1,0,0,1,недвижимость,аренда,2,1,банк,2210,10,2,нет,мебель/оборудование,0
148,47,1,2,4,никогда не состоял(а),1,4,1,0,-1,0,неизвестно/нет собственности,бесплатно,2,1,нет,8335,36,3,нет,автомобиль (б/у),0
149,23,1,2,2,никогда не состоял(а),1,2,1,1,1,1,автомобиль,собственность,2,1,нет,15672,48,2,нет,бизнес,0
150,43,1,2,0,никогда не состоял(а),2,2,1,0,-1,1,недвижимость,бесплатно,1,2,нет,1333,24,4,нет,автомобиль (новый),0
151,31,1,2,3,никогда не состоял(а),1,2,1,0,0,1,страхование жизни/сберегательный договор,собственность,0,2,банк,2775,18,2,нет,автомобиль (новый),0
152,66,1,3,4,никогда не состоял(а),1,4,1,1,2,1,недвижимость,собственность,1,1,нет,1908,30,4,нет,бизнес,0
153,42,1,3,4,никогда не состоял(а),1,4,1,0,-1,1,неизвестно/нет собственности,бесплатно,2,1,банк,7763,48,4,нет,автомобиль (новый),0
154,25,1,2,2,никогда не состоял(а),1,2,1,1,1,1,автомобиль,собственность,4,1,нет,14421,48,2,нет,бизнес,0
155,33,1,1,1,никогда не состоял(а),1,1,1,0,1,1,неизвестно/нет собственности,аренда,2,1,нет,2384,36,4,нет,ремонт,0
156,23,0,2,1,замужем/живет раздельно/разведена,1,3,1,1,-1,1,автомобиль,аренда,2,1,нет,1216,18,4,нет,автомобиль (новый),0
157,53,1,3,4,никогда не состоял(а),1,4,1,1,-1,1,неизвестно/нет собственности,бесплатно,2,1,нет,7865,12,4,нет,мебель/оборудование,0
158,23,0,3,2,замужем/живет раздельно/разведена,1,4,1,0,1,1,автомобиль,аренда,2,2,нет,11560,24,1,нет,автомобиль (б/у),0
159,24,0,2,2,замужем/живет раздельно/разведена,1,2,1,0,1,1,неизвестно/нет собственности,собственность,2,1,банк,2150,30,4,поручитель,автомобиль (новый),0
160,26,0,2,1,замужем/живет раздельно/разведена,1,2,1,1,1,1,автомобиль,собственность,2,1,нет,9960,48,1,нет,мебель/оборудование,0
161,23,0,1,1,замужем/живет раздельно/разведена,1,2,1,0,1,2,страхование жизни/сберегательный договор,собственность,2,1,банк,836,12,4,нет,автомобиль (новый),0
162,32,0,3,2,замужем/живет раздельно/разведена,1,2,0,1,1,1,страхование жизни/сберегательный договор,собственность,4,1,банк,18424,48,1,нет,другое,0
163,34,1,2,1,никогда не состоял(а),1,3,1,0,-1,1,автомобиль,собственность,2,1,нет,3965,42,4,нет,радио/телевидение,0
164,48,1,2,2,никогда не состоял(а),1,4,1,0,-1,1,автомобиль,собственность,4,2,банк,1082,12,4,нет,автомобиль (новый),0
165,45,1,1,2,никогда не состоял(а),1,2,1,0,-1,1,автомобиль,собственность,2,1,нет,4006,28,3,нет,автомобиль (новый),0
166,26,0,3,0,замужем/живет раздельно/разведена,1,2,1,1,0,1,автомобиль,собственность,2,2,нет,10974,36,4,нет,мебель/оборудование,0
167,29,1,2,2,живет раздельно/разведен,1,1,1,0,-1,1,неизвестно/нет собственности,бесплатно,3,1,нет,2149,12,4,нет,радио/телевидение,0
168,33,0,1,4,замужем/живет раздельно/разведена,2,3,1,0,0,0,страхование жизни/сберегательный договор,собственность,0,1,банк,797,12,4,нет,радио/телевидение,0
169,21,1,2,3,женат/овдовел,1,4,1,0,-1,1,страхование жизни/сберегательный договор,аренда,2,1,нет,902,12,4,нет,переподготовка,0
170,37,1,2,2,никогда не состоял(а),1,4,1,1,1,0,неизвестно/нет собственности,бесплатно,2,1,нет,12389,36,1,нет,автомобиль (новый),0
171,42,1,2,4,никогда не состоял(а),2,2,1,0,-1,1,автомобиль,собственность,2,1,нет,3446,36,4,нет,мебель/оборудование,0
172,60,0,3,4,замужем/живет раздельно/разведена,1,4,1,1,1,2,неизвестно/нет собственности,бесплатно,3,2,банк,14782,60,3,нет,другое,0
173,27,1,3,3,никогда не состоял(а),1,2,1,1,1,1,неизвестно/нет собственности,собственность,2,1,нет,14027,60,4,нет,автомобиль (новый),0
174,30,1,2,1,никогда не состоял(а),2,4,1,1,-1,3,неизвестно/нет собственности,бесплатно,3,1,нет,3349,24,4,нет,мебель/оборудование,0
175,23,0,2,1,замужем/живет раздельно/разведена,1,4,1,1,0,1,страхование жизни/сберегательный договор,аренда,0,2,нет,7127,36,2,нет,мебель/оборудование,0
176,54,1,2,2,никогда не состоял(а),1,4,1,0,-1,1,автомобиль,собственность,2,1,нет,3051,48,3,нет,бытовая техника,0
177,27,1,3,1,никогда не состоял(а),1,2,1,1,-1,1,неизвестно/нет собственности,бесплатно,2,1,нет,1422,9,3,нет,автомобиль (новый),0
178,26,0,1,2,замужем/живет раздельно/разведена,1,4,1,0,1,2,автомобиль,аренда,4,2,нет,4280,30,4,нет,бизнес,0
179,23,0,1,1,замужем/живет раздельно/разведена,1,4,1,1,-1,1,неизвестно/нет собственности,аренда,0,2,нет,6229,36,4,созаемщик,мебель/оборудование,0
180,37,1,1,2,никогда не состоял(а),1,2,1,0,1,1,страхование жизни/сберегательный договор,собственность,2,1,нет,1922,12,4,нет,мебель/оборудование,0
181,60,1,2,4,никогда не состоял(а),1,3,1,0,-1,1,страхование жизни/сберегательный договор,собственность,0,2,нет,2246,12,3,нет,мебель/оборудование,0
182,74,0,3,4,замужем/живет раздельно/разведена,2,4,1,1,1,1,неизвестно/нет собственности,бесплатно,3,1,банк,5129,9,2,нет,автомобиль (б/у),0
183,35,1,2,4,никогда не состоял(а),1,3,1,0,-1,1,страхование жизни/сберегательный договор,собственность,0,2,нет,691,12,4,нет,автомобиль (новый),0
184,35,0,2,2,замужем/живет раздельно/разведена,1,2,1,0,-1,0,страхование жизни/сберегательный договор,собственность,2,1,нет,1381,24,4,нет,автомобиль (новый),0
185,39,1,3,4,никогда не состоял(а),2,4,1,1,0,1,неизвестно/нет собственности,собственность,3,2,банк,6458,18,2,нет,автомобиль (новый),0
186,26,1,2,2,никогда не состоял(а),2,2,1,0,-1,1,страхование жизни/сберегательный договор,собственность,2,1,нет,8229,36,2,нет,автомобиль (б/у),0
187,46,1,2,4,никогда не состоял(а),1,4,1,1,-1,1,неизвестно/нет собственности,бесплатно,0,2,нет,6331,48,4,нет,автомобиль (б/у),0
188,39,0,2,4,замужем/живет раздельно/разведена,2,4,1,0,1,1,страхование жизни/сберегательный договор,собственность,2,1,нет,1188,21,2,нет,бизнес,0
189,50,0,2,2,замужем/живет раздельно/разведена,1,4,1,0,1,2,неизвестно/нет собственности,бесплатно,2,1,нет,2671,36,4,созаемщик,радио/телевидение,0
190,22,1,2,1,женат/овдовел,1,1,1,1,1,1,страхование жизни/сберегательный договор,собственность,2,1,нет,2039,24,1,нет,радио/телевидение,0
191,53,0,2,1,замужем/живет раздельно/разведена,1,4,1,0,-1,1,страхование жизни/сберегательный договор,собственность,2,1,нет,795,12,4,нет,образование,0
192,25,1,1,3,женат/овдовел,1,3,1,0,1,1,автомобиль,собственность,2,1,банк,685,12,2,нет,автомобиль (новый),0
193,28,1,2,1,живет раздельно/разведен,1,1,1,0,0,1,автомобиль,собственность,1,2,нет,9572,36,1,нет,бизнес,0
194,30,1,2,2,никогда не состоял(а),1,2,1,0,1,1,автомобиль,собственность,2,1,нет,639,12,4,нет,ремонт,0
195,29,0,0,0,замужем/живет раздельно/разведена,1,4,1,0,-1,1,неизвестно/нет собственности,аренда,3,2,нет,1193,24,1,созаемщик,автомобиль (новый),0
196,40,1,3,4,никогда не состоял(а),1,3,1,1,-1,0,автомобиль,собственность,3,1,магазин,1358,24,4,нет,другое,0
197,58,1,2,1,никогда не состоял(а),1,4,1,1,1,1,неизвестно/нет собственности,аренда,4,1,нет,15945,54,3,нет,бизнес,0
198,24,1,2,2,женат/овдовел,1,2,1,0,1,2,автомобиль,собственность,2,1,нет,5595,72,2,нет,радио/телевидение,0
199,57,1,2,4,никогда не состоял(а),1,4,1,1,1,1,неизвестно/нет собственности,бесплатно,1,2,банк,2225,36,4,нет,автомобиль (новый),0
200,31,1,2,2,никогда не состоял(а),1,2,1,1,-1,1,страхование жизни/сберегательный договор,аренда,3,1,нет,3161,24,4,нет,бизнес,0
201,30,0,3,2,замужем/живет раздельно/разведена,1,3,1,1,1,1,автомобиль,собственность,0,1,нет,5096,48,2,нет,мебель/оборудование,0
202,38,0,3,0,замужем/живет раздельно/разведена,1,4,1,1,1,1,неизвестно/нет собственности,бесплатно,2,1,нет,12976,18,3,нет,автомобиль (б/у),0
203,28,1,2,3,никогда не состоял(а),1,3,1,0,-1,1,недвижимость,собственность,4,2,нет,1108,12,4,нет,ремонт,0
204,25,0,2,2,замужем/живет раздельно/разведена,1,4,1,0,-1,1,автомобиль,аренда,2,2,банк,1882,18,4,нет,радио/телевидение,0
205,44,1,2,2,никогда не состоял(а),1,2,1,0,0,3,неизвестно/нет собственности,бесплатно,0,1,банк,10127,48,2,нет,автомобиль (новый),0
206,23,0,2,1,замужем/живет раздельно/разведена,1,4,1,0,0,1,недвижимость,собственность,2,1,нет,1943,18,4,нет,ремонт,0
207,30,1,3,4,никогда не состоял(а),1,4,1,1,0,0,неизвестно/нет собственности,бесплатно,0,1,нет,12680,21,4,нет,автомобиль (новый),0
208,42,1,2,2,никогда не состоял(а),1,3,1,0,-1,1,автомобиль,собственность,2,1,нет,4153,18,2,созаемщик,мебель/оборудование,0
209,28,1,2,3,женат/овдовел,1,2,1,1,2,3,недвижимость,собственность,0,3,нет,939,12,4,нет,автомобиль (новый),0
210,37,1,1,3,никогда не состоял(а),2,2,1,0,2,0,недвижимость,собственность,0,2,банк,1344,24,4,нет,автомобиль (новый),0
211,36,1,1,2,никогда не состоял(а),1,4,1,1,1,1,недвижимость,собственность,4,3,нет,4241,24,1,нет,бизнес,0
212,30,1,3,1,никогда не состоял(а),1,3,1,0,1,2,неизвестно/нет собственности,собственность,1,2,магазин,1919,30,4,нет,радио/телевидение,0
213,31,1,1,1,никогда не состоял(а),1,2,1,0,1,1,недвижимость,собственность,0,2,нет,1928,18,2,нет,мебель/оборудование,0
214,26,1,2,1,никогда не состоял(а),1,1,1,0,-1,1,страхование жизни/сберегательный договор,собственность,1,2,нет,3414,21,2,нет,образование,0
215,21,1,1,2,никогда не состоял(а),2,4,1,0,-1,1,недвижимость,аренда,2,1,нет,1987,24,2,нет,радио/телевидение,0
216,22,0,2,0,замужем/живет раздельно/разведена,1,3,1,0,-1,2,страхование жизни/сберегательный договор,собственность,2,1,нет,741,12,4,нет,бытовая техника,0
217,24,0,2,1,замужем/живет раздельно/разведена,2,2,1,0,1,4,страхование жизни/сберегательный договор,аренда,3,1,банк,433,6,4,нет,образование,0
218,31,0,2,2,замужем/живет раздельно/разведена,1,2,1,1,-1,1,автомобиль,собственность,2,1,нет,6758,48,3,нет,радио/телевидение,0
219,48,0,1,4,замужем/живет раздельно/разведена,2,4,1,0,2,2,неизвестно/нет собственности,бесплатно,2,1,нет,1240,10,1,нет,автомобиль (новый),0
220,23,0,1,1,замужем/живет раздельно/разведена,1,4,1,1,-1,1,недвижимость,аренда,2,1,нет,3234,24,4,нет,мебель/оборудование,0
221,32,0,2,3,замужем/живет раздельно/разведена,1,4,1,0,-1,0,неизвестно/нет собственности,аренда,2,1,нет,1285,24,4,нет,автомобиль (новый),0
222,24,0,1,2,замужем/живет раздельно/разведена,1,4,1,0,0,2,автомобиль,аренда,0,2,банк,11590,48,2,нет,автомобиль (б/у),0
223,23,1,2,2,никогда не состоял(а),1,4,1,1,-1,1,неизвестно/нет собственности,бесплатно,2,1,нет,1845,45,4,нет,радио/телевидение,0
224,33,0,2,2,замужем/живет раздельно/разведена,1,2,1,0,1,0,страхование жизни/сберегательный договор,собственность,2,1,нет,1042,18,4,нет,автомобиль (новый),0
225,30,1,3,2,живет раздельно/разведен,1,2,1,1,1,1,недвижимость,собственность,1,2,магазин,4455,36,2,нет,бизнес,0
226,24,0,2,1,замужем/живет раздельно/разведена,1,4,1,0,-1,1,страхование жизни/сберегательный договор,аренда,2,1,нет,1207,24,4,нет,автомобиль (новый),0
227,25,0,2,2,замужем/живет раздельно/разведена,1,2,1,1,-1,1,недвижимость,собственность,2,2,нет,1835,21,3,нет,радио/телевидение,0
228,34,1,1,3,никогда не состоял(а),2,4,1,0,1,2,неизвестно/нет собственности,бесплатно,4,1,нет,3844,48,4,нет,бизнес,0
229,36,1,2,3,живет раздельно/разведен,1,3,1,0,-1,1,автомобиль,собственность,2,1,нет,1372,12,2,нет,автомобиль (новый),0
230,33,1,2,4,никогда не состоял(а),2,3,1,0,-1,1,автомобиль,аренда,4,2,нет,950,15,4,нет,автомобиль (новый),0
231,60,1,1,4,никогда не состоял(а),1,4,1,0,-1,1,автомобиль,собственность,0,2,нет,1199,24,4,нет,автомобиль (новый),0
232,33,1,1,1,никогда не состоял(а),2,1,1,0,-1,1,недвижимость,собственность,2,1,нет,2579,12,4,нет,автомобиль (новый),0
233,43,1,2,3,живет раздельно/разведен,1,3,1,1,1,1,автомобиль,собственность,2,1,нет,4057,24,3,нет,мебель/оборудование,0
234,33,1,2,2,женат/овдовел,1,2,1,0,1,1,автомобиль,собственность,0,1,нет,1245,18,4,нет,радио/телевидение,0
235,24,1,2,3,никогда не состоял(а),1,1,1,1,-1,1,автомобиль,собственность,2,1,нет,9271,36,2,нет,автомобиль (новый),0
236,29,0,2,2,замужем/живет раздельно/разведена,1,2,0,0,1,1,автомобиль,собственность,2,1,нет,959,9,1,нет,мебель/оборудование,0
237,61,1,3,4,никогда не состоял(а),1,4,1,1,1,1,неизвестно/нет собственности,бесплатно,4,1,нет,1953,36,4,нет,бизнес,0
238,26,0,0,1,замужем/живет раздельно/разведена,1,1,1,0,1,1,недвижимость,аренда,4,2,нет,1778,15,2,нет,автомобиль (новый),0
239,22,0,2,1,замужем/живет раздельно/разведена,1,4,1,0,-1,1,страхование жизни/сберегательный договор,аренда,2,1,нет,1366,9,3,нет,радио/телевидение,0
240,22,0,2,2,замужем/живет раздельно/разведена,1,2,1,0,1,1,недвижимость,собственность,2,1,нет,5951,48,2,нет,радио/телевидение,0
241,39,1,3,4,никогда не состоял(а),1,2,1,1,-1,1,страхование жизни/сберегательный договор,аренда,2,1,нет,3345,24,4,нет,мебель/оборудование,0
242,25,1,2,3,никогда не состоял(а),1,2,1,0,1,1,недвижимость,собственность,0,2,нет,4933,39,2,поручитель,радио/телевидение,0
243,45,1,2,4,никогда не состоял(а),1,1,1,0,-1,1,недвижимость,собственность,2,1,нет,2303,24,4,созаемщик,автомобиль (новый),0
244,34,1,3,1,никогда не состоял(а),1,2,1,1,2,1,автомобиль,собственность,4,2,нет,1337,9,4,нет,радио/телевидение,0
245,37,0,1,1,замужем/живет раздельно/разведена,1,1,1,0,-1,1,недвижимость,собственность,2,1,нет,1274,12,3,нет,автомобиль (новый),0
246,41,1,2,4,никогда не состоял(а),2,2,1,0,-1,1,страхование жизни/сберегательный договор,собственность,2,1,банк,2712,36,2,нет,мебель/оборудование,0
247,50,1,2,4,никогда не состоял(а),1,4,1,0,1,1,неизвестно/нет собственности,бесплатно,1,1,нет,6224,48,4,нет,образование,0
248,42,1,3,0,никогда не состоял(а),1,2,1,1,0,1,автомобиль,собственность,0,2,магазин,2292,12,4,нет,бизнес,0
249,44,1,2,2,никогда не состоял(а),1,3,1,0,-1,1,автомобиль,собственность,3,1,банк,1553,18,4,нет,мебель/оборудование,0
250,37,1,2,2,никогда не состоял(а),1,4,1,1,0,1,неизвестно/нет собственности,бесплатно,2,1,магазин,1819,36,4,нет,образование,0
251,28,1,3,1,женат/овдовел,1,4,1,1,1,1,автомобиль,аренда,2,1,нет,9398,36,1,нет,автомобиль (б/у),0
252,42,0,3,4,замужем/живет раздельно/разведена,1,4,1,1,1,1,неизвестно/нет собственности,бесплатно,4,2,нет,8318,27,2,нет,бизнес,0
253,29,1,3,2,никогда не состоял(а),1,3,1,1,1,1,автомобиль,собственность,2,2,банк,11328,24,2,созаемщик,другое,0
254,41,1,1,4,никогда не состоял(а),2,4,1,0,0,1,автомобиль,собственность,2,1,банк,719,12,4,нет,образование,0
255,24,0,1,2,замужем/живет раздельно/разведена,1,4,1,0,-1,1,недвижимость,собственность,3,1,банк,626,12,4,нет,радио/телевидение,0
256,29,1,2,3,никогда не состоял(а),1,3,1,0,1,2,неизвестно/нет собственности,собственность,3,1,нет,1437,9,2,нет,автомобиль (новый),0
257,24,1,2,3,никогда не состоял(а),1,1,1,1,-1,1,автомобиль,собственность,1,2,нет,2145,36,2,нет,бизнес,0
258,27,0,2,1,замужем/живет раздельно/разведена,1,3,1,0,1,0,недвижимость,аренда,2,1,нет,1924,18,4,нет,мебель/оборудование,0
259,25,0,1,1,замужем/живет раздельно/разведена,1,4,1,0,1,1,автомобиль,собственность,0,1,банк,4736,24,2,нет,мебель/оборудование,0
260,22,0,2,3,замужем/живет раздельно/разведена,1,1,1,0,0,1,недвижимость,собственность,1,1,нет,1808,18,4,нет,мебель/оборудование,0
261,38,1,2,1,никогда не состоял(а),2,4,1,0,1,2,неизвестно/нет собственности,собственность,0,2,банк,1216,24,4,нет,радио/телевидение,0
262,36,1,2,4,никогда не состоял(а),2,4,1,1,1,1,автомобиль,собственность,0,1,банк,884,18,4,нет,автомобиль (новый),0
263,28,0,2,1,замужем/живет раздельно/разведена,1,3,1,0,1,2,автомобиль,собственность,4,2,нет,2278,18,3,нет,автомобиль (новый),0
264,34,0,3,4,замужем/живет раздельно/разведена,1,3,1,1,1,1,автомобиль,собственность,0,2,нет,1501,9,2,нет,образование,0
265,20,0,2,2,замужем/живет раздельно/разведена,1,4,1,0,-1,1,недвижимость,аренда,2,1,банк,2039,18,1,нет,мебель/оборудование,0
266,40,1,3,2,никогда не состоял(а),1,2,1,1,0,2,страхование жизни/сберегательный договор,собственность,2,1,нет,4623,15,3,нет,образование,0
267,27,1,1,2,никогда не состоял(а),1,4,1,0,0,0,страхование жизни/сберегательный договор,собственность,2,1,нет,1309,10,4,поручитель,автомобиль (новый),0
268,25,0,2,1,замужем/живет раздельно/разведена,1,3,1,0,1,1,страхование жизни/сберегательный договор,аренда,4,2,нет,2969,12,4,нет,мебель/оборудование,0
269,32,1,2,1,живет раздельно/разведен,1,3,1,0,-1,1,страхование жизни/сберегательный договор,собственность,2,1,нет,1938,24,4,нет,радио/телевидение,0
270,27,0,2,1,замужем/живет раздельно/разведена,1,4,1,0,1,2,автомобиль,аренда,2,4,банк,951,12,4,нет,мебель/оборудование,0
271,29,0,2,4,замужем/живет раздельно/разведена,1,2,1,0,-1,0,автомобиль,собственность,2,1,банк,915,24,4,нет,автомобиль (новый),0
272,31,1,2,4,никогда не состоял(а),1,4,1,0,-1,1,автомобиль,собственность,3,1,банк,2746,36,4,нет,мебель/оборудование,0
273,27,1,2,1,никогда не состоял(а),1,2,1,1,0,1,автомобиль,собственность,1,2,банк,8648,24,2,нет,бизнес,0
274,19,0,2,1,замужем/живет раздельно/разведена,1,2,1,0,0,1,автомобиль,аренда,2,2,нет,1980,9,2,созаемщик,мебель/оборудование,0
275,26,1,2,3,никогда не состоял(а),1,2,1,0,-1,1,недвижимость,собственность,2,1,нет,759,12,4,нет,автомобиль (новый),0
276,25,0,2,1,замужем/живет раздельно/разведена,1,1,1,0,1,1,автомобиль,аренда,2,1,нет,1295,12,3,нет,автомобиль (новый),0
277,31,1,2,2,живет раздельно/разведен,1,4,1,0,-1,1,автомобиль,аренда,2,1,нет,2302,36,4,нет,радио/телевидение,0
278,29,1,2,4,никогда не состоял(а),1,4,1,0,-1,1,автомобиль,аренда,4,2,нет,11816,45,2,нет,бизнес,0
279,26,1,2,2,никогда не состоял(а),1,2,1,0,2,1,автомобиль,собственность,2,1,нет,4210,36,4,нет,радио/телевидение,0
280,23,1,2,1,женат/овдовел,1,1,1,0,1,1,недвижимость,аренда,2,1,нет,1534,12,1,нет,радио/телевидение,0
281,31,1,2,4,никогда не состоял(а),1,4,1,0,0,2,автомобиль,собственность,2,2,нет,3621,24,2,нет,радио/телевидение,0
282,51,1,2,4,никогда не состоял(а),2,4,1,1,-1,0,страхование жизни/сберегательный договор,бесплатно,2,1,нет,7511,18,1,нет,автомобиль (б/у),0
283,33,1,3,0,никогда не состоял(а),1,2,1,1,0,1,автомобиль,аренда,2,1,банк,4844,48,3,нет,бизнес,0
284,28,1,3,0,женат/овдовел,1,2,1,0,1,1,автомобиль,собственность,0,2,нет,5234,30,4,нет,автомобиль (новый),0
285,25,0,1,1,замужем/живет раздельно/разведена,1,3,1,0,2,1,недвижимость,собственность,2,1,нет,2327,15,2,нет,радио/телевидение,0
286,61,1,1,4,живет раздельно/разведен,1,2,1,0,1,2,автомобиль,аренда,2,2,банк,2767,21,4,нет,бизнес,0
287,47,1,1,2,женат/овдовел,1,3,1,1,-1,1,недвижимость,собственность,2,1,нет,1217,18,4,нет,бытовая техника,0
288,24,0,2,1,замужем/живет раздельно/разведена,1,4,1,0,-1,1,страхование жизни/сберегательный договор,аренда,2,1,нет,4308,48,3,нет,бизнес,0
289,24,1,2,3,никогда не состоял(а),1,2,1,0,1,2,страхование жизни/сберегательный договор,собственность,2,1,нет,6560,48,3,нет,автомобиль (новый),0
290,20,1,2,3,женат/овдовел,1,1,1,0,-1,2,страхование жизни/сберегательный договор,собственность,2,1,нет,674,12,4,нет,радио/телевидение,0
291,24,0,2,2,замужем/живет раздельно/разведена,1,4,1,0,1,1,недвижимость,собственность,2,1,нет,1237,8,3,нет,мебель/оборудование,0
292,33,1,2,2,женат/овдовел,1,2,0,0,-1,1,страхование жизни/сберегательный договор,аренда,0,2,банк,2235,20,4,поручитель,автомобиль (новый),0
293,32,0,1,1,замужем/живет раздельно/разведена,1,1,1,0,1,2,страхование жизни/сберегательный договор,собственность,3,1,магазин,931,6,1,нет,автомобиль (новый),0
294,65,1,2,2,никогда не состоял(а),1,4,1,0,-1,1,неизвестно/нет собственности,бесплатно,2,2,нет,2600,18,4,нет,радио/телевидение,0
295,29,1,3,1,никогда не состоял(а),1,1,1,1,1,2,неизвестно/нет собственности,аренда,2,1,нет,9034,36,4,созаемщик,мебель/оборудование,0
296,38,1,2,2,живет раздельно/разведен,1,2,1,0,0,0,недвижимость,собственность,2,1,банк,3914,48,4,нет,бизнес,0
297,34,1,1,1,живет раздельно/разведен,1,1,1,1,-1,1,неизвестно/нет собственности,собственность,2,1,нет,11998,30,1,нет,ремонт,0
298,27,0,2,1,замужем/живет раздельно/разведена,1,1,1,0,-1,1,страхование жизни/сберегательный договор,собственность,2,1,нет,3123,24,4,нет,автомобиль (новый),0
299,26,0,2,1,замужем/живет раздельно/разведена,1,4,1,0,-1,1,страхование жизни/сберегательный договор,аренда,4,1,нет,3114,18,1,нет,мебель/оборудование,0
300,29,1,2,3,женат/овдовел,1,2,1,0,0,1,недвижимость,аренда,2,1,нет,2108,6,2,нет,радио/телевидение,1
301,24,1,2,2,никогда не состоял(а),1,3,1,0,1,1,недвижимость,собственность,2,1,нет,458,9,4,нет,радио/телевидение,1
302,31,0,2,2,замужем/живет раздельно/разведена,1,2,1,0,0,1,автомобиль,собственность,0,2,магазин,9566,36,2,нет,радио/телевидение,1
303,26,1,1,2,никогда не состоял(а),2,2,1,0,0,0,недвижимость,собственность,3,1,магазин,783,6,1,поручитель,автомобиль (новый),1
304,36,1,2,4,никогда не состоял(а),1,4,1,0,1,1,недвижимость,собственность,0,1,нет,2337,36,4,нет,радио/телевидение,1
305,51,1,1,4,никогда не состоял(а),1,4,1,0,0,3,неизвестно/нет собственности,бесплатно,2,1,нет,2507,9,2,нет,автомобиль (новый),1
306,31,1,3,0,никогда не состоял(а),1,4,1,1,1,2,неизвестно/нет собственности,бесплатно,1,1,нет,7582,48,2,нет,другое,1
307,29,1,1,2,никогда не состоял(а),2,2,1,0,-1,1,страхование жизни/сберегательный договор,собственность,2,1,нет,3590,12,2,созаемщик,мебель/оборудование,1
308,30,1,3,3,никогда не состоял(а),2,3,1,1,-1,2,автомобиль,собственность,2,1,нет,2249,18,4,нет,автомобиль (новый),1
309,31,1,2,4,никогда не состоял(а),2,2,1,1,0,3,автомобиль,собственность,2,1,нет,3430,24,3,нет,радио/телевидение,1
310,24,1,1,3,никогда не состоял(а),1,2,0,0,-1,0,недвижимость,собственность,2,1,нет,3763,21,2,созаемщик,автомобиль (новый),1
311,55,1,3,0,никогда не состоял(а),1,2,1,1,1,1,неизвестно/нет собственности,бесплатно,3,1,банк,9283,42,1,нет,автомобиль (б/у),1
312,35,1,2,2,никогда не состоял(а),1,1,0,0,0,2,неизвестно/нет собственности,аренда,4,1,банк,1204,6,4,нет,автомобиль (новый),1
313,27,1,2,3,женат/овдовел,1,3,1,1,0,2,страхование жизни/сберегательный договор,собственность,0,2,нет,2463,24,4,нет,автомобиль (новый),1
314,26,1,2,4,никогда не состоял(а),1,2,1,0,0,1,неизвестно/нет собственности,собственность,0,2,нет,1934,12,2,нет,радио/телевидение,1
315,58,1,2,4,никогда не состоял(а),1,4,1,1,0,0,автомобиль,собственность,2,1,нет,1867,30,4,нет,радио/телевидение,1
316,43,0,1,2,замужем/живет раздельно/разведена,1,1,1,0,0,4,недвижимость,собственность,0,2,нет,1516,24,4,нет,радио/телевидение,1
317,42,0,2,2,замужем/живет раздельно/разведена,1,4,1,1,1,0,автомобиль,аренда,1,2,нет,1965,24,4,нет,автомобиль (новый),1
318,52,1,2,4,никогда не состоял(а),1,4,1,0,0,1,недвижимость,собственность,0,3,нет,717,12,4,нет,радио/телевидение,1
319,41,1,2,4,никогда не состоял(а),1,1,1,1,1,1,неизвестно/нет собственности,собственность,0,1,нет,6361,18,2,нет,мебель/оборудование,1
320,28,0,2,3,замужем/живет раздельно/разведена,1,1,1,0,0,3,автомобиль,собственность,2,1,нет,1376,24,4,нет,радио/телевидение,1
321,31,1,2,4,живет раздельно/разведен,2,2,1,0,1,2,автомобиль,собственность,1,2,банк,1449,6,1,нет,бизнес,1
322,22,1,2,0,никогда не состоял(а),1,4,1,0,-1,1,неизвестно/нет собственности,бесплатно,2,1,нет,3973,14,1,нет,автомобиль (новый),1
323,62,0,2,4,замужем/живет раздельно/разведена,1,4,1,1,0,1,неизвестно/нет собственности,бесплатно,2,1,нет,3757,24,4,созаемщик,автомобиль (новый),1
324,31,0,2,1,замужем/живет раздельно/разведена,1,4,1,0,0,0,недвижимость,аренда,2,1,нет,2901,10,1,нет,автомобиль (б/у),1
325,24,1,2,2,женат/овдовел,1,1,1,0,2,1,автомобиль,собственность,2,1,нет,3016,12,3,нет,радио/телевидение,1
326,26,1,2,1,женат/овдовел,1,4,1,1,0,0,автомобиль,аренда,2,1,нет,2445,12,2,нет,автомобиль (б/у),1
327,30,1,2,2,никогда не состоял(а),1,2,1,1,1,2,автомобиль,собственность,2,2,нет,5866,18,2,нет,автомобиль (новый),1
328,44,1,2,1,никогда не состоял(а),1,4,1,0,1,2,страхование жизни/сберегательный договор,собственность,0,1,нет,1804,12,3,нет,автомобиль (б/у),1
329,31,0,2,2,замужем/живет раздельно/разведена,1,3,1,0,0,2,автомобиль,собственность,0,1,нет,1532,15,4,нет,образование,1
330,39,1,2,1,женат/овдовел,1,4,1,1,0,1,недвижимость,собственность,2,1,нет,1473,18,3,нет,радио/телевидение,1
331,25,0,2,3,замужем/живет раздельно/разведена,1,4,1,0,0,0,страхование жизни/сберегательный договор,аренда,2,1,нет,1283,22,4,нет,автомобиль (новый),1
332,23,0,2,2,замужем/живет раздельно/разведена,1,1,1,0,-1,1,автомобиль,собственность,2,1,банк,1498,12,4,нет,радио/телевидение,1
333,36,1,3,0,никогда не состоял(а),1,4,1,1,-1,1,неизвестно/нет собственности,бесплатно,0,3,нет,1872,6,4,нет,мебель/оборудование,1
334,24,0,2,1,замужем/живет раздельно/разведена,1,1,1,0,0,0,недвижимость,собственность,2,1,нет,874,15,4,нет,бытовая техника,1
335,31,1,2,2,никогда не состоял(а),1,2,1,0,0,1,страхование жизни/сберегательный договор,собственность,0,2,нет,1360,15,4,нет,радио/телевидение,1
336,44,1,1,1,никогда не состоял(а),2,3,1,0,-1,0,недвижимость,собственность,0,2,нет,4716,6,1,нет,автомобиль (новый),1
337,54,0,2,2,замужем/живет раздельно/разведена,1,2,1,0,1,1,страхование жизни/сберегательный договор,аренда,1,1,нет,7432,36,2,нет,автомобиль (новый),1
338,35,0,3,1,замужем/живет раздельно/разведена,1,4,1,0,0,1,автомобиль,собственность,0,2,нет,1393,11,4,нет,автомобиль (новый),1
339,50,1,2,3,никогда не состоял(а),1,4,1,1,0,1,автомобиль,собственность,3,1,банк,1559,24,4,нет,бизнес,1
340,49,1,2,4,никогда не состоял(а),1,4,1,1,0,0,недвижимость,собственность,0,1,нет,2331,12,1,созаемщик,радио/телевидение,1
341,53,1,2,4,никогда не состоял(а),1,4,1,0,0,0,страхование жизни/сберегательный договор,собственность,0,2,нет,2424,24,4,нет,радио/телевидение,1
342,27,1,2,2,никогда не состоял(а),1,2,1,0,-1,1,автомобиль,собственность,2,1,магазин,4020,24,2,нет,мебель/оборудование,1
343,25,0,2,3,замужем/живет раздельно/разведена,1,1,1,0,-1,1,недвижимость,собственность,2,1,нет,3509,18,4,поручитель,радио/телевидение,1
344,49,1,2,3,никогда не состоял(а),1,3,1,1,-1,1,страхование жизни/сберегательный договор,собственность,0,2,нет,1038,10,4,созаемщик,автомобиль (новый),1
345,34,1,2,4,никогда не состоял(а),1,2,1,0,0,4,автомобиль,собственность,0,1,нет,2578,24,2,нет,радио/телевидение,1
346,30,1,1,3,никогда не состоял(а),1,2,1,0,0,1,страхование жизни/сберегательный договор,собственность,0,2,нет,2028,24,2,нет,мебель/оборудование,1
347,37,1,2,2,никогда не состоял(а),2,2,1,0,-1,1,страхование жизни/сберегательный договор,собственность,2,1,нет,3620,36,1,поручитель,мебель/оборудование,1
348,23,0,2,1,замужем/живет раздельно/разведена,1,4,1,1,2,1,страхование жизни/сберегательный договор,аренда,2,1,нет,392,15,4,нет,образование,1
349,36,1,2,1,никогда не состоял(а),1,3,1,0,-1,1,недвижимость,собственность,2,1,нет,1721,15,2,нет,автомобиль (новый),1
350,25,1,2,1,женат/овдовел,1,3,1,0,1,3,недвижимость,аренда,2,1,нет,3213,18,1,нет,радио/телевидение,1
351,21,0,2,2,замужем/живет раздельно/разведена,1,2,1,0,0,0,автомобиль,собственность,2,1,нет,886,12,4,нет,радио/телевидение,1
352,34,1,3,4,никогда не состоял(а),1,4,1,1,0,1,автомобиль,собственность,0,2,нет,6614,36,4,нет,автомобиль (новый),1
353,23,1,2,4,никогда не состоял(а),1,4,1,1,0,4,неизвестно/нет собственности,аренда,0,2,нет,3368,15,3,нет,автомобиль (б/у),1
354,32,1,2,3,никогда не состоял(а),1,3,0,0,0,0,страхование жизни/сберегательный договор,собственность,2,1,нет,2662,18,4,нет,автомобиль (новый),1
355,64,0,2,2,замужем/живет раздельно/разведена,1,3,1,0,1,1,недвижимость,собственность,2,1,нет,753,6,2,поручитель,радио/телевидение,1
356,29,0,2,2,замужем/живет раздельно/разведена,1,1,1,0,0,1,недвижимость,собственность,2,1,нет,518,6,3,нет,радио/телевидение,1
357,67,0,3,3,замужем/живет раздельно/разведена,1,4,1,1,1,1,страхование жизни/сберегательный договор,собственность,2,2,нет,1199,9,4,нет,образование,1
358,30,1,2,2,никогда не состоял(а),1,2,1,0,-1,1,страхование жизни/сберегательный договор,собственность,0,2,нет,2121,12,4,нет,автомобиль (новый),1
359,27,1,2,2,женат/овдовел,1,2,1,1,0,1,недвижимость,собственность,2,2,нет,1101,12,3,нет,автомобиль (новый),1
360,27,1,1,2,никогда не состоял(а),1,2,1,0,0,1,автомобиль,собственность,1,2,нет,802,14,4,нет,автомобиль (новый),1
361,22,0,2,1,замужем/живет раздельно/разведена,1,4,1,0,-1,1,автомобиль,аренда,2,1,нет,3650,18,1,нет,мебель/оборудование,1
362,43,1,2,4,никогда не состоял(а),1,2,1,1,-1,2,страхование жизни/сберегательный договор,собственность,2,1,нет,1203,6,3,нет,автомобиль (новый),1
363,27,1,1,2,никогда не состоял(а),1,1,1,0,1,0,недвижимость,собственность,1,1,нет,7418,60,1,нет,радио/телевидение,1
364,28,0,3,2,замужем/живет раздельно/разведена,1,1,1,1,2,2,автомобиль,собственность,2,1,банк,2923,21,1,нет,автомобиль (новый),1
365,28,0,2,2,замужем/живет раздельно/разведена,1,4,1,1,0,4,автомобиль,аренда,2,1,нет,2603,24,2,нет,автомобиль (б/у),1
366,45,0,1,4,замужем/живет раздельно/разведена,1,4,1,1,0,0,недвижимость,собственность,2,1,нет,3835,36,2,нет,радио/телевидение,1
367,41,1,1,4,женат/овдовел,1,4,1,0,0,2,недвижимость,аренда,2,1,нет,1469,24,4,нет,автомобиль (новый),1
368,27,0,2,1,замужем/живет раздельно/разведена,1,1,1,0,-1,1,недвижимость,собственность,2,1,нет,343,6,4,нет,бытовая техника,1
369,54,1,2,4,никогда не состоял(а),1,3,1,0,-1,1,недвижимость,собственность,0,1,нет,1409,12,4,нет,автомобиль (б/у),1
370,38,1,3,3,никогда не состоял(а),1,3,1,1,0,1,автомобиль,собственность,2,1,нет,7814,24,3,нет,автомобиль (б/у),1
371,27,1,2,2,никогда не состоял(а),1,2,1,0,-1,1,недвижимость,собственность,2,1,нет,1657,12,2,нет,мебель/оборудование,1
372,39,1,1,3,никогда не состоял(а),1,4,0,0,-1,1,недвижимость,собственность,0,2,нет,3398,8,1,нет,автомобиль (новый),1
373,27,0,2,1,замужем/живет раздельно/разведена,1,3,0,0,-1,0,недвижимость,аренда,0,2,нет,2132,10,2,созаемщик,мебель/оборудование,1
374,28,1,2,1,женат/овдовел,1,2,1,0,0,1,недвижимость,собственность,2,1,нет,1249,24,4,нет,автомобиль (новый),1
375,36,1,3,3,никогда не состоял(а),1,4,1,1,1,2,автомобиль,аренда,1,1,нет,6967,24,4,нет,бизнес,1
376,70,1,3,0,никогда не состоял(а),1,4,1,1,1,1,неизвестно/нет собственности,бесплатно,2,1,банк,7308,10,2,нет,автомобиль (новый),1
377,62,1,2,2,живет раздельно/разведен,1,4,1,0,0,3,недвижимость,собственность,2,1,нет,1338,6,1,нет,бытовая техника,1
378,34,0,2,3,замужем/живет раздельно/разведена,2,3,1,1,0,4,автомобиль,собственность,2,1,нет,1525,24,4,нет,автомобиль (новый),1
379,67,1,2,4,никогда не состоял(а),1,4,1,1,-1,0,недвижимость,собственность,0,2,нет,1169,6,4,нет,радио/телевидение,1
380,34,1,1,4,никогда не состоял(а),2,4,1,0,0,2,автомобиль,собственность,3,1,банк,1569,15,4,нет,радио/телевидение,1
381,31,1,2,2,никогда не состоял(а),1,2,1,1,0,1,недвижимость,собственность,2,1,нет,1393,24,2,поручитель,автомобиль (новый),1
382,31,1,1,3,никогда не состоял(а),2,3,1,1,1,2,страхование жизни/сберегательный договор,собственность,1,2,нет,9857,36,1,нет,бизнес,1
383,26,1,2,3,никогда не состоял(а),1,1,1,1,-1,2,недвижимость,собственность,0,2,нет,1382,24,4,нет,бизнес,1
384,25,0,2,2,замужем/живет раздельно/разведена,1,1,1,0,0,1,автомобиль,собственность,0,2,нет,2238,18,2,нет,радио/телевидение,1
385,29,0,2,4,замужем/живет раздельно/разведена,1,4,1,0,1,4,неизвестно/нет собственности,аренда,0,1,нет,7758,24,2,нет,автомобиль (б/у),1
386,29,1,1,1,никогда не состоял(а),2,2,0,0,2,0,недвижимость,собственность,2,1,нет,1494,4,1,нет,автомобиль (новый),1
387,38,1,2,4,никогда не состоял(а),1,4,1,0,0,1,автомобиль,собственность,2,1,нет,804,12,4,нет,радио/телевидение,1
388,65,1,0,0,никогда не состоял(а),1,4,1,0,-1,1,автомобиль,собственность,0,2,нет,3394,42,4,созаемщик,ремонт,1
389,39,1,2,3,никогда не состоял(а),1,4,1,1,-1,0,автомобиль,собственность,2,1,нет,2212,20,4,нет,мебель/оборудование,1
390,47,0,2,4,замужем/живет раздельно/разведена,1,2,1,1,2,2,неизвестно/нет собственности,бесплатно,2,1,нет,1377,24,4,нет,радио/телевидение,1
391,27,1,1,2,женат/овдовел,1,3,1,0,-1,1,недвижимость,собственность,2,1,нет,1168,12,4,нет,автомобиль (новый),1
392,42,1,1,3,никогда не состоял(а),2,1,1,0,0,1,недвижимость,собственность,0,2,нет,1503,4,2,нет,радио/телевидение,1
393,74,1,3,2,никогда не состоял(а),1,2,1,1,0,1,недвижимость,собственность,0,1,нет,4526,24,3,нет,бизнес,1
394,44,1,2,1,живет раздельно/разведен,1,4,1,1,0,0,недвижимость,собственность,0,2,нет,3485,20,2,нет,автомобиль (новый),1
395,25,1,1,2,никогда не состоял(а),1,4,1,0,-1,1,недвижимость,собственность,0,2,нет,1138,9,4,нет,радио/телевидение,1
396,33,1,2,4,никогда не состоял(а),1,4,1,1,0,1,автомобиль,собственность,0,2,нет,6070,18,3,нет,радио/телевидение,1
397,27,1,1,2,никогда не состоял(а),1,3,1,1,0,2,страхование жизни/сберегательный договор,собственность,0,2,нет,4139,24,3,нет,бизнес,1
398,50,1,2,4,никогда не состоял(а),1,4,1,1,1,0,недвижимость,собственность,0,2,нет,1537,15,4,поручитель,радио/телевидение,1
399,36,0,2,2,замужем/живет раздельно/разведена,1,2,1,1,2,1,автомобиль,собственность,1,2,магазин,2247,12,2,нет,автомобиль (новый),1
400,25,1,2,4,никогда не состоял(а),1,2,1,0,0,0,автомобиль,собственность,2,2,нет,999,24,4,нет,радио/телевидение,1
401,27,1,2,0,никогда не состоял(а),1,4,1,0,1,2,автомобиль,собственность,0,1,нет,4576,45,3,нет,автомобиль (б/у),1
402,23,0,1,1,замужем/живет раздельно/разведена,2,3,1,0,0,1,недвижимость,аренда,2,1,нет,601,4,1,нет,мебель/оборудование,1
403,23,0,2,1,замужем/живет раздельно/разведена,1,4,1,1,0,1,страхование жизни/сберегательный договор,собственность,0,1,нет,2288,21,4,нет,мебель/оборудование,1
404,34,1,2,2,никогда не состоял(а),2,2,1,1,1,4,автомобиль,собственность,3,1,магазин,3496,30,4,нет,мебель/оборудование,1
405,22,1,2,2,никогда не состоял(а),1,4,1,1,-1,3,недвижимость,собственность,3,1,магазин,2483,24,4,нет,мебель/оборудование,1
406,59,0,2,4,замужем/живет раздельно/разведена,1,4,1,1,0,0,автомобиль,собственность,0,1,нет,5045,15,1,нет,автомобиль (новый),1
407,38,0,2,4,замужем/живет раздельно/разведена,1,2,1,1,0,0,недвижимость,собственность,0,2,нет,1240,12,4,нет,радио/телевидение,1
408,57,0,2,4,замужем/живет раздельно/разведена,1,4,1,1,-1,4,страхование жизни/сберегательный договор,аренда,2,2,нет,3622,30,4,нет,мебель/оборудование,1
409,38,1,1,2,никогда не состоял(а),1,4,0,0,-1,1,страхование жизни/сберегательный договор,собственность,0,2,банк,2171,12,4,нет,автомобиль (новый),1
410,32,1,2,1,никогда не состоял(а),1,2,1,1,0,1,автомобиль,собственность,2,1,нет,4594,18,3,нет,радио/телевидение,1
411,26,1,2,2,никогда не состоял(а),1,2,1,0,2,1,недвижимость,собственность,2,1,нет,1925,24,2,нет,мебель/оборудование,1
412,31,0,3,3,замужем/живет раздельно/разведена,1,2,1,0,0,3,автомобиль,собственность,2,1,банк,2782,21,1,нет,автомобиль (новый),1
413,26,1,2,1,никогда не состоял(а),1,1,1,0,1,1,страхование жизни/сберегательный договор,собственность,2,1,нет,1201,24,4,нет,автомобиль (новый),1
414,26,1,2,3,никогда не состоял(а),1,3,1,0,1,1,страхование жизни/сберегательный договор,собственность,0,1,нет,1424,12,4,нет,бытовая техника,1
415,36,1,2,3,никогда не состоял(а),1,3,1,1,0,3,страхование жизни/сберегательный договор,собственность,2,2,нет,1262,15,4,нет,бытовая техника,1
416,38,1,2,4,никогда не состоял(а),2,3,1,1,0,0,автомобиль,собственность,0,2,нет,2751,48,4,нет,автомобиль (б/у),1
417,24,0,2,4,замужем/живет раздельно/разведена,1,4,1,0,-1,1,страхование жизни/сберегательный договор,аренда,2,1,нет,652,12,4,нет,мебель/оборудование,1
418,35,1,1,2,никогда не состоял(а),1,2,1,0,0,1,недвижимость,собственность,0,2,нет,2684,24,4,нет,радио/телевидение,1
419,45,1,2,4,никогда не состоял(а),2,4,1,0,0,0,неизвестно/нет собственности,бесплатно,2,1,банк,1300,15,4,нет,автомобиль (б/у),1
420,31,1,2,4,женат/овдовел,1,4,1,1,1,2,автомобиль,собственность,4,2,банк,6148,20,3,нет,автомобиль (б/у),1
421,48,1,1,4,никогда не состоял(а),1,2,1,0,1,1,страхование жизни/сберегательный договор,собственность,0,2,нет,1743,24,4,нет,радио/телевидение,1
422,24,1,2,2,никогда не состоял(а),1,4,1,0,0,3,автомобиль,собственность,2,1,нет,2569,39,4,нет,автомобиль (б/у),1
423,28,0,2,2,замужем/живет раздельно/разведена,1,2,1,0,0,1,неизвестно/нет собственности,собственность,0,2,нет,1817,18,4,нет,мебель/оборудование,1
424,36,1,2,4,никогда не состоял(а),1,4,1,1,1,0,неизвестно/нет собственности,бесплатно,2,1,банк,2760,24,4,нет,автомобиль (б/у),1
425,28,0,2,2,замужем/живет раздельно/разведена,1,1,1,1,0,1,автомобиль,собственность,0,2,нет,1382,6,1,нет,радио/телевидение,1
426,37,0,2,2,замужем/живет раздельно/разведена,1,4,1,1,0,1,автомобиль,собственность,0,1,нет,2022,24,4,нет,автомобиль (новый),1
427,39,1,3,4,никогда не состоял(а),1,4,1,1,0,1,автомобиль,собственность,2,1,нет,1884,12,4,нет,автомобиль (новый),1
428,42,0,2,2,замужем/живет раздельно/разведена,1,3,1,0,2,4,недвижимость,аренда,3,2,нет,409,12,3,нет,радио/телевидение,1
429,39,1,2,4,никогда не состоял(а),2,3,1,0,-1,1,страхование жизни/сберегательный договор,собственность,2,1,нет,2522,30,1,поручитель,радио/телевидение,1
430,30,0,2,1,замужем/живет раздельно/разведена,1,1,1,0,1,3,автомобиль,собственность,4,2,нет,8358,48,1,нет,автомобиль (новый),1
431,20,1,2,4,никогда не состоял(а),1,4,1,0,0,1,автомобиль,собственность,2,1,нет,1313,9,1,нет,мебель/оборудование,1
432,24,1,1,1,никогда не состоял(а),1,1,0,0,-1,1,страхование жизни/сберегательный договор,собственность,2,1,нет,1747,24,4,созаемщик,мебель/оборудование,1
433,48,1,2,2,никогда не состоял(а),1,4,1,1,0,1,автомобиль,собственность,0,3,нет,2134,9,4,нет,автомобиль (новый),1
434,20,0,2,3,замужем/живет раздельно/разведена,1,3,1,0,0,4,автомобиль,аренда,2,1,нет,3186,15,2,нет,автомобиль (новый),1
435,33,0,3,1,замужем/живет раздельно/разведена,1,1,1,1,2,1,страхование жизни/сберегательный договор,собственность,2,1,банк,1474,12,4,нет,мебель/оборудование,1
436,23,1,1,2,никогда не состоял(а),1,4,1,0,1,1,недвижимость,собственность,3,1,магазин,1048,10,4,нет,радио/телевидение,1
437,25,1,1,2,женат/овдовел,1,2,1,0,1,1,недвижимость,собственность,2,1,нет,866,18,4,поручитель,радио/телевидение,1
438,30,1,2,4,никогда не состоял(а),1,3,1,0,1,2,неизвестно/нет собственности,бесплатно,1,1,нет,2862,36,4,нет,автомобиль (новый),1
439,27,0,2,3,замужем/живет раздельно/разведена,1,1,1,0,1,1,недвижимость,собственность,2,1,нет,2930,12,2,нет,радио/телевидение,1
440,24,0,2,1,замужем/живет раздельно/разведена,1,4,1,1,1,1,неизвестно/нет собственности,бесплатно,0,2,нет,5743,24,2,нет,образование,1
441,26,1,3,4,живет раздельно/разведен,1,2,1,1,0,3,автомобиль,собственность,2,1,нет,3235,24,3,нет,радио/телевидение,1
442,49,1,1,2,живет раздельно/разведен,1,2,1,0,0,1,недвижимость,собственность,2,1,нет,640,12,4,нет,автомобиль (новый),1
443,36,1,2,4,никогда не состоял(а),1,4,1,0,0,0,неизвестно/нет собственности,бесплатно,1,1,нет,846,7,3,нет,радио/телевидение,1
444,51,1,2,4,никогда не состоял(а),1,2,1,1,0,0,автомобиль,собственность,0,1,нет,3342,36,4,нет,радио/телевидение,1
445,36,1,2,4,никогда не состоял(а),1,4,1,0,0,3,страхование жизни/сберегательный договор,собственность,2,1,нет,909,36,4,нет,автомобиль (новый),1
446,26,0,2,4,замужем/живет раздельно/разведена,1,4,1,0,-1,0,недвижимость,аренда,2,1,нет,2812,24,2,нет,автомобиль (б/у),1
447,26,0,2,2,замужем/живет раздельно/разведена,1,2,1,1,0,1,автомобиль,собственность,1,2,нет,2764,33,2,нет,бизнес,1
448,31,1,3,0,никогда не состоял(а),1,3,1,0,0,1,автомобиль,собственность,0,1,нет,2406,9,2,нет,мебель/оборудование,1
449,42,1,2,4,никогда не состоял(а),2,4,1,1,0,2,неизвестно/нет собственности,бесплатно,2,1,банк,1346,6,2,нет,радио/телевидение,1
450,28,1,2,2,женат/овдовел,1,2,1,0,0,1,страхование жизни/сберегательный договор,собственность,2,1,нет,1413,24,4,нет,радио/телевидение,1
451,51,1,2,3,никогда не состоял(а),2,2,1,0,0,1,страхование жизни/сберегательный договор,собственность,2,1,нет,1595,6,3,нет,радио/телевидение,1
452,35,1,1,2,никогда не состоял(а),1,2,0,0,0,2,недвижимость,аренда,2,1,нет,1418,10,3,нет,автомобиль (новый),1
453,51,1,2,3,никогда не состоял(а),1,4,1,0,1,1,страхование жизни/сберегательный договор,собственность,1,1,нет,4771,11,2,нет,радио/телевидение,1
454,47,1,2,4,никогда не состоял(а),2,4,1,1,0,1,страхование жизни/сберегательный договор,собственность,2,3,банк,1393,12,4,нет,образование,1
455,33,1,2,2,живет раздельно/разведен,1,2,1,0,0,4,недвижимость,собственность,2,1,нет,1543,6,4,нет,мебель/оборудование,1
456,40,1,3,0,никогда не состоял(а),1,4,1,1,1,1,страхование жизни/сберегательный договор,собственность,0,2,магазин,7374,18,4,нет,мебель/оборудование,1
457,36,1,1,2,никогда не состоял(а),1,2,1,1,-1,1,недвижимость,собственность,2,1,банк,1374,6,1,нет,мебель/оборудование,1
458,41,1,2,3,никогда не состоял(а),2,1,1,1,1,0,автомобиль,собственность,2,2,нет,3979,48,4,нет,радио/телевидение,1
459,29,1,2,2,никогда не состоял(а),1,3,1,1,1,1,автомобиль,собственность,1,2,банк,2629,20,2,нет,другое,1
460,38,1,3,0,никогда не состоял(а),1,4,1,1,0,0,неизвестно/нет собственности,собственность,0,1,нет,3229,18,2,нет,автомобиль (б/у),1
461,36,1,2,2,никогда не состоял(а),2,2,1,0,-1,1,недвижимость,аренда,0,2,нет,2799,9,2,нет,автомобиль (новый),1
462,30,1,2,4,женат/овдовел,1,2,1,0,0,1,недвижимость,аренда,0,2,нет,1740,6,2,нет,радио/телевидение,1
463,36,1,3,4,никогда не состоял(а),1,4,1,1,-1,1,неизвестно/нет собственности,бесплатно,0,3,нет,5302,18,2,нет,автомобиль (новый),1
464,36,1,2,2,никогда не состоял(а),1,4,1,1,0,3,недвижимость,собственность,0,2,нет,4042,42,4,нет,мебель/оборудование,1
465,48,1,2,2,живет раздельно/разведен,1,4,1,1,0,0,неизвестно/нет собственности,бесплатно,2,1,нет,9277,24,2,нет,автомобиль (б/у),1
466,43,1,1,2,никогда не состоял(а),2,4,1,0,0,1,страхование жизни/сберегательный договор,собственность,2,1,нет,7393,24,1,нет,автомобиль (новый),1
467,40,1,1,2,женат/овдовел,1,2,1,0,-1,1,недвижимость,собственность,2,1,нет,701,12,4,нет,радио/телевидение,1
468,39,0,1,3,замужем/живет раздельно/разведена,1,4,1,1,-1,4,недвижимость,собственность,0,2,нет,666,6,3,нет,автомобиль (новый),1
469,40,1,1,2,никогда не состоял(а),2,2,0,0,0,3,неизвестно/нет собственности,аренда,2,1,нет,1597,10,3,нет,автомобиль (новый),1
470,25,0,2,4,замужем/живет раздельно/разведена,1,4,1,0,1,0,автомобиль,собственность,2,1,нет,2991,30,2,нет,радио/телевидение,1
471,44,0,1,3,замужем/живет раздельно/разведена,1,2,1,0,1,1,недвижимость,собственность,2,1,нет,760,8,4,поручитель,радио/телевидение,1
472,28,1,2,4,живет раздельно/разведен,1,2,1,1,0,4,недвижимость,собственность,2,1,нет,2142,11,1,нет,бизнес,1
473,50,1,3,3,никогда не состоял(а),1,1,1,1,-1,1,неизвестно/нет собственности,бесплатно,2,1,нет,7476,48,4,нет,образование,1
474,29,0,2,1,замужем/живет раздельно/разведена,1,2,1,0,-1,4,автомобиль,собственность,2,1,банк,3357,21,4,нет,радио/телевидение,1
475,35,1,3,2,никогда не состоял(а),1,2,1,1,1,1,автомобиль,аренда,2,1,нет,6948,36,2,нет,автомобиль (б/у),1
476,25,0,2,2,замужем/живет раздельно/разведена,1,3,1,0,-1,1,страхование жизни/сберегательный договор,аренда,0,2,нет,1433,15,4,нет,мебель/оборудование,1
477,27,1,2,2,женат/овдовел,1,1,1,1,1,1,недвижимость,собственность,2,1,банк,1391,9,2,нет,бизнес,1
478,27,1,2,1,никогда не состоял(а),1,1,1,0,1,2,автомобиль,собственность,0,1,нет,1995,12,4,нет,автомобиль (новый),1
479,33,1,2,3,никогда не состоял(а),1,2,1,0,0,1,автомобиль,собственность,2,1,нет,3029,15,2,нет,автомобиль (б/у),1
480,35,0,2,2,замужем/живет раздельно/разведена,1,2,1,0,0,1,страхование жизни/сберегательный договор,собственность,0,2,нет,1291,12,4,нет,радио/телевидение,1
481,26,1,2,2,женат/овдовел,1,1,0,0,0,0,автомобиль,собственность,0,2,нет,2069,10,2,нет,мебель/оборудование,1
482,48,1,2,4,никогда не состоял(а),2,4,1,1,0,0,страхование жизни/сберегательный договор,собственность,2,4,нет,5190,27,4,нет,ремонт,1
483,29,1,2,3,женат/овдовел,1,4,1,1,0,0,страхование жизни/сберегательный договор,аренда,2,1,нет,7166,42,2,нет,радио/телевидение,1
484,33,0,1,2,замужем/живет раздельно/разведена,1,2,1,0,1,0,недвижимость,собственность,2,1,нет,3195,9,1,нет,автомобиль (новый),1
485,35,1,1,2,никогда не состоял(а),2,4,1,1,0,0,неизвестно/нет собственности,бесплатно,2,1,нет,9055,36,2,нет,образование,1
486,32,1,3,3,женат/овдовел,1,1,1,1,-1,1,страхование жизни/сберегательный договор,собственность,0,2,нет,1880,18,4,нет,радио/телевидение,1
487,33,0,2,2,замужем/живет раздельно/разведена,1,2,1,1,0,0,автомобиль,собственность,0,2,нет,1927,24,3,нет,образование,1
488,25,1,2,2,никогда не состоял(а),1,2,1,0,-1,1,недвижимость,собственность,2,1,нет,2136,9,3,нет,мебель/оборудование,1
489,32,1,2,2,никогда не состоял(а),2,2,1,0,0,2,недвижимость,собственность,2,1,нет,2848,10,1,созаемщик,автомобиль (б/у),1
490,30,1,3,2,женат/овдовел,1,2,1,1,0,1,страхование жизни/сберегательный договор,собственность,2,1,нет,1820,18,2,нет,автомобиль (новый),1
491,40,1,2,4,никогда не состоял(а),2,2,1,1,0,0,автомобиль,собственность,0,2,нет,3077,30,3,нет,радио/телевидение,1
492,39,1,3,3,никогда не состоял(а),2,4,1,1,-1,1,неизвестно/нет собственности,бесплатно,2,1,банк,3249,36,2,нет,автомобиль (новый),1
493,22,1,2,2,никогда не состоял(а),1,2,1,0,1,2,недвижимость,собственность,2,1,нет,1514,15,4,поручитель,ремонт,1
494,40,1,0,0,никогда не состоял(а),1,4,1,1,1,0,неизвестно/нет собственности,бесплатно,2,1,банк,5381,48,3,нет,другое,1
495,31,1,2,2,никогда не состоял(а),1,3,1,1,0,1,неизвестно/нет собственности,бесплатно,0,1,банк,6110,48,1,нет,образование,1
496,31,1,1,2,никогда не состоял(а),1,2,1,1,1,1,недвижимость,собственность,4,1,нет,1410,12,2,нет,переподготовка,1
497,36,1,2,3,никогда не состоял(а),1,4,1,1,0,1,автомобиль,собственность,2,1,нет,1542,12,2,нет,бизнес,1
498,22,1,2,2,женат/овдовел,1,1,1,0,1,4,недвижимость,собственность,2,1,нет,1007,12,4,нет,автомобиль (новый),1
499,42,1,2,4,никогда не состоял(а),2,4,1,0,-1,1,неизвестно/нет собственности,бесплатно,2,1,нет,5493,36,2,нет,автомобиль (б/у),1
500,38,1,1,2,никогда не состоял(а),2,3,1,0,-1,1,страхование жизни/сберегательный договор,собственность,2,1,нет,708,12,2,поручитель,мебель/оборудование,1
501,28,0,2,2,замужем/живет раздельно/разведена,1,2,1,0,0,2,недвижимость,собственность,2,1,нет,2073,12,4,созаемщик,радио/телевидение,1
502,23,1,2,2,никогда не состоял(а),1,2,1,1,2,1,недвижимость,собственность,2,1,нет,3913,36,2,нет,радио/телевидение,1
503,49,1,2,4,никогда не состоял(а),1,4,1,1,0,0,страхование жизни/сберегательный договор,аренда,0,1,нет,5801,12,2,нет,мебель/оборудование,1
504,47,1,2,2,живет раздельно/разведен,1,4,1,0,1,1,страхование жизни/сберегательный договор,собственность,1,2,нет,2353,21,1,нет,автомобиль (новый),1
505,40,1,1,1,никогда не состоял(а),2,4,0,0,-1,1,недвижимость,собственность,0,1,нет,1361,6,2,нет,автомобиль (новый),1
506,26,1,2,3,никогда не состоял(а),1,4,1,1,2,1,страхование жизни/сберегательный договор,аренда,2,1,нет,2687,15,2,нет,бизнес,1
507,35,0,1,2,замужем/живет раздельно/разведена,2,3,1,0,0,3,недвижимость,собственность,3,1,нет,3447,12,4,нет,переподготовка,1
508,27,0,2,1,замужем/живет раздельно/разведена,1,1,1,0,-1,1,автомобиль,собственность,2,1,магазин,2389,18,4,нет,радио/телевидение,1
509,35,1,2,4,никогда не состоял(а),1,4,1,1,0,2,автомобиль,собственность,2,1,нет,2753,9,3,созаемщик,радио/телевидение,1
510,37,0,2,3,замужем/живет раздельно/разведена,2,1,1,0,0,1,недвижимость,собственность,0,1,нет,3380,4,1,нет,автомобиль (новый),1
511,38,0,2,1,замужем/живет раздельно/разведена,1,3,1,1,0,1,автомобиль,собственность,2,1,магазин,1533,24,4,нет,радио/телевидение,1
512,35,1,2,2,никогда не состоял(а),1,4,1,1,0,1,неизвестно/нет собственности,бесплатно,0,2,нет,1471,15,4,нет,радио/телевидение,1
513,20,0,2,2,замужем/живет раздельно/разведена,1,4,1,0,0,3,автомобиль,аренда,2,1,нет,2221,15,2,нет,мебель/оборудование,1
514,22,1,2,2,никогда не состоял(а),1,4,1,1,-1,3,недвижимость,собственность,3,1,магазин,2828,24,4,нет,мебель/оборудование,1
515,21,1,2,3,никогда не состоял(а),1,4,1,1,0,1,автомобиль,собственность,1,2,нет,15653,60,2,нет,радио/телевидение,1
516,33,1,2,3,женат/овдовел,1,2,1,1,0,1,автомобиль,собственность,0,2,нет,1851,24,4,поручитель,радио/телевидение,1
517,54,0,3,4,замужем/живет раздельно/разведена,1,2,1,1,0,1,автомобиль,аренда,2,1,банк,3568,15,4,нет,радио/телевидение,1
518,44,1,2,2,никогда не состоял(а),2,2,1,1,0,3,автомобиль,собственность,1,2,нет,2375,24,4,нет,бизнес,1
519,30,1,2,2,никогда не состоял(а),1,1,1,0,0,1,недвижимость,собственность,0,2,нет,1224,9,3,нет,автомобиль (новый),1
520,56,1,2,4,никогда не состоял(а),1,4,1,0,0,1,недвижимость,собственность,0,1,нет,618,12,4,нет,радио/телевидение,1
521,40,1,1,4,женат/овдовел,1,3,1,0,1,1,недвижимость,собственность,2,2,банк,1155,12,3,поручитель,радио/телевидение,1
522,35,1,2,3,никогда не состоял(а),1,1,1,0,0,2,неизвестно/нет собственности,собственность,2,1,нет,2141,12,3,нет,радио/телевидение,1
523,38,1,1,4,никогда не состоял(а),1,4,1,0,1,1,автомобиль,собственность,2,2,нет,1308,15,4,нет,ремонт,1
524,30,1,2,2,никогда не состоял(а),1,2,1,0,0,1,недвижимость,собственность,2,2,банк,707,12,4,нет,радио/телевидение,1
525,21,1,2,2,женат/овдовел,1,3,1,1,1,1,автомобиль,аренда,2,1,нет,2779,18,1,нет,автомобиль (б/у),1
526,36,1,2,4,никогда не состоял(а),1,4,1,0,0,0,недвижимость,собственность,0,2,нет,6304,36,4,нет,бизнес,1
527,27,1,2,3,никогда не состоял(а),1,2,1,1,2,0,страхование жизни/сберегательный договор,собственность,0,2,нет,1347,10,4,нет,радио/телевидение,1
528,49,1,2,4,живет раздельно/разведен,1,4,1,0,2,2,недвижимость,собственность,2,1,нет,1126,9,2,нет,радио/телевидение,1
529,41,1,1,1,никогда не состоял(а),2,4,1,1,-1,1,недвижимость,собственность,2,1,нет,662,6,3,нет,автомобиль (новый),1
530,35,0,2,3,замужем/живет раздельно/разведена,1,2,0,0,0,4,страхование жизни/сберегательный договор,собственность,0,1,нет,1592,12,3,нет,мебель/оборудование,1
531,25,0,2,4,замужем/живет раздельно/разведена,1,4,1,0,1,1,недвижимость,собственность,2,1,нет,1206,9,4,нет,радио/телевидение,1
532,33,1,2,2,никогда не состоял(а),2,2,1,0,0,0,недвижимость,собственность,0,2,нет,3074,9,1,нет,радио/телевидение,1
533,28,1,2,2,никогда не состоял(а),1,2,1,1,0,1,неизвестно/нет собственности,бесплатно,0,1,нет,3343,15,4,нет,мебель/оборудование,1
534,42,1,2,4,никогда не состоял(а),1,4,1,0,0,1,страхование жизни/сберегательный договор,собственность,0,1,магазин,3331,12,2,нет,мебель/оборудование,1
535,25,1,2,2,никогда не состоял(а),1,1,1,0,0,2,автомобиль,собственность,2,1,магазин,5511,24,4,нет,мебель/оборудование,1
536,23,1,2,2,женат/овдовел,1,4,1,0,2,1,недвижимость,аренда,2,1,нет,1297,12,3,нет,радио/телевидение,1
537,22,0,1,1,замужем/живет раздельно/разведена,1,4,1,0,0,1,страхование жизни/сберегательный договор,аренда,0,2,нет,1258,12,2,нет,мебель/оборудование,1
538,44,0,1,2,замужем/живет раздельно/разведена,1,2,1,1,2,1,автомобиль,аренда,2,1,нет,1881,12,2,нет,радио/телевидение,1
539,36,0,1,4,замужем/живет раздельно/разведена,1,4,1,0,0,4,недвижимость,собственность,2,1,банк,1572,21,4,нет,бизнес,1
540,36,1,2,3,никогда не состоял(а),1,3,1,0,0,0,страхование жизни/сберегательный договор,собственность,0,2,нет,6742,30,2,нет,радио/телевидение,1
541,23,0,1,3,замужем/живет раздельно/разведена,1,4,1,0,1,2,недвижимость,аренда,2,1,нет,841,12,2,нет,бизнес,1
542,36,1,3,3,никогда не состоял(а),2,4,1,1,1,0,страхование жизни/сберегательный договор,аренда,1,2,банк,7057,20,3,нет,автомобиль (б/у),1
543,24,1,2,2,никогда не состоял(а),1,1,1,0,2,1,автомобиль,собственность,2,1,нет,5848,36,4,нет,радио/телевидение,1
544,26,0,3,0,замужем/живет раздельно/разведена,1,4,1,1,0,0,страхование жизни/сберегательный договор,аренда,2,1,нет,5433,24,2,нет,автомобиль (б/у),1
545,26,0,2,2,замужем/живет раздельно/разведена,1,1,1,0,1,0,автомобиль,собственность,2,1,нет,1715,30,4,нет,радио/телевидение,1
546,45,1,1,4,женат/овдовел,1,1,1,0,-1,1,автомобиль,собственность,3,1,банк,339,12,4,нет,переподготовка,1
547,46,1,1,4,никогда не состоял(а),1,2,1,1,0,0,страхование жизни/сберегательный договор,аренда,0,2,нет,730,7,4,нет,радио/телевидение,1
548,55,1,2,3,никогда не состоял(а),1,2,0,0,0,4,страхование жизни/сберегательный договор,собственность,2,1,нет,1413,12,3,нет,автомобиль (б/у),1
549,23,0,2,3,замужем/живет раздельно/разведена,1,2,1,1,1,2,страхование жизни/сберегательный договор,аренда,1,2,нет,1553,24,3,нет,радио/телевидение,1
550,31,1,2,3,никогда не состоял(а),1,2,1,1,0,0,автомобиль,собственность,2,1,магазин,929,24,4,нет,мебель/оборудование,1
551,37,1,2,1,живет раздельно/разведен,1,2,1,1,1,2,автомобиль,собственность,0,1,нет,3878,24,4,нет,автомобиль (новый),1
552,64,0,2,0,замужем/живет раздельно/разведена,1,4,1,0,0,2,недвижимость,собственность,2,1,нет,1409,13,2,нет,радио/телевидение,1
553,50,1,2,2,никогда не состоял(а),1,4,1,0,0,3,страхование жизни/сберегательный договор,аренда,2,1,нет,1236,6,2,нет,автомобиль (б/у),1
554,24,1,2,2,женат/овдовел,1,2,1,0,0,3,автомобиль,собственность,0,1,нет,2080,6,1,нет,автомобиль (новый),1
555,63,1,1,4,никогда не состоял(а),1,4,1,1,0,1,недвижимость,собственность,0,2,нет,1655,12,2,нет,радио/телевидение,1
556,28,0,2,2,замужем/живет раздельно/разведена,1,4,1,0,-1,1,автомобиль,аренда,2,1,нет,1403,15,2,нет,автомобиль (новый),1
557,30,1,2,3,никогда не состоял(а),2,4,1,1,1,1,страхование жизни/сберегательный договор,аренда,2,1,нет,2002,12,3,нет,автомобиль (новый),1
558,39,1,1,2,никогда не состоял(а),1,4,1,0,0,1,страхование жизни/сберегательный договор,собственность,0,2,нет,7228,11,1,нет,автомобиль (новый),1
559,35,1,2,3,никогда не состоял(а),1,3,1,1,0,1,автомобиль,собственность,0,2,нет,2346,24,4,нет,автомобиль (б/у),1
560,33,0,2,2,замужем/живет раздельно/разведена,1,4,1,1,1,1,автомобиль,собственность,4,2,банк,3244,18,1,нет,мебель/оборудование,1
561,34,1,1,2,никогда не состоял(а),1,2,1,0,0,2,недвижимость,собственность,1,2,нет,1743,6,1,нет,бизнес,1
562,23,0,2,2,замужем/живет раздельно/разведена,1,2,1,1,-1,0,автомобиль,аренда,1,2,нет,8471,18,1,нет,образование,1
563,42,1,2,4,никогда не состоял(а),1,4,1,0,0,0,неизвестно/нет собственности,бесплатно,0,2,нет,10477,36,2,нет,автомобиль (б/у),1
564,49,0,2,4,замужем/живет раздельно/разведена,1,1,1,1,-1,1,страхование жизни/сберегательный договор,собственность,2,1,банк,428,6,2,нет,мебель/оборудование,1
565,45,1,3,4,никогда не состоял(а),1,2,1,1,0,2,автомобиль,собственность,2,1,нет,8588,39,4,нет,автомобиль (б/у),1
566,22,1,2,1,женат/овдовел,1,1,1,0,1,1,страхование жизни/сберегательный договор,собственность,2,1,нет,3832,30,2,нет,мебель/оборудование,1
567,28,1,2,2,никогда не состоял(а),1,2,1,0,-1,1,страхование жизни/сберегательный договор,собственность,0,2,нет,5371,36,3,поручитель,мебель/оборудование,1
568,38,0,0,0,замужем/живет раздельно/разведена,1,2,1,0,0,1,страхование жизни/сберегательный договор,собственность,0,1,нет,926,12,1,нет,автомобиль (новый),1
569,42,1,1,3,никогда не состоял(а),2,1,1,0,0,1,недвижимость,собственность,0,3,нет,1455,4,2,нет,автомобиль (новый),1
570,41,1,2,4,никогда не состоял(а),1,2,1,0,1,2,страхование жизни/сберегательный договор,собственность,1,2,магазин,2503,30,4,нет,бизнес,1
571,21,1,2,2,женат/овдовел,1,2,1,0,0,1,страхование жизни/сберегательный договор,аренда,2,1,нет,1766,6,1,нет,мебель/оборудование,1
572,28,1,1,2,никогда не состоял(а),1,2,1,0,0,1,недвижимость,собственность,1,2,магазин,2993,21,3,нет,автомобиль (б/у),1
573,27,1,2,1,женат/овдовел,1,2,0,0,-1,1,недвижимость,собственность,2,1,нет,1053,15,4,нет,радио/телевидение,1
574,49,1,1,1,никогда не состоял(а),2,3,1,0,1,1,недвижимость,собственность,0,2,банк,3124,12,1,нет,автомобиль (новый),1
575,21,1,1,2,женат/овдовел,1,2,1,0,-1,1,автомобиль,собственность,2,1,магазин,6568,24,2,нет,бизнес,1
576,37,1,2,2,никогда не состоял(а),2,3,1,0,-1,1,недвижимость,аренда,0,3,нет,3676,6,1,нет,автомобиль (новый),1
577,27,1,2,2,женат/овдовел,1,2,1,0,0,0,страхование жизни/сберегательный договор,собственность,0,2,нет,1221,6,1,нет,мебель/оборудование,1
578,64,1,1,4,никогда не состоял(а),1,4,1,0,0,0,недвижимость,собственность,2,1,нет,3832,9,1,нет,образование,1
579,29,0,2,2,замужем/живет раздельно/разведена,1,4,1,1,-1,1,страхование жизни/сберегательный договор,собственность,2,1,нет,1893,12,4,поручитель,автомобиль (новый),1
580,40,0,2,3,замужем/живет раздельно/разведена,1,4,1,0,1,1,недвижимость,аренда,2,1,нет,3001,18,2,нет,мебель/оборудование,1
581,46,1,2,4,никогда не состоял(а),2,4,0,0,2,1,недвижимость,собственность,0,2,нет,1343,6,1,нет,автомобиль (новый),1
582,38,1,2,4,никогда не состоял(а),1,4,1,0,1,0,страхование жизни/сберегательный договор,собственность,2,1,нет,368,6,4,нет,радио/телевидение,1
583,34,1,2,3,никогда не состоял(а),2,3,1,1,1,0,неизвестно/нет собственности,собственность,0,2,нет,2825,24,4,нет,бизнес,1
584,29,1,1,1,никогда не состоял(а),1,2,1,0,1,0,страхование жизни/сберегательный договор,собственность,1,1,банк,2333,24,4,нет,мебель/оборудование,1
585,32,1,2,2,никогда не состоял(а),1,2,1,1,0,3,автомобиль,собственность,2,1,нет,2978,6,1,нет,мебель/оборудование,1
586,45,0,2,1,замужем/живет раздельно/разведена,1,1,1,0,1,1,недвижимость,собственность,2,1,нет,2329,7,1,поручитель,радио/телевидение,1
587,52,0,3,4,замужем/живет раздельно/разведена,1,4,1,1,0,0,неизвестно/нет собственности,бесплатно,2,1,нет,2133,12,4,нет,автомобиль (новый),1
588,47,1,1,3,никогда не состоял(а),2,3,1,0,1,1,недвижимость,собственность,0,2,нет,958,12,2,нет,автомобиль (новый),1
589,36,1,3,0,никогда не состоял(а),1,4,1,1,1,0,неизвестно/нет собственности,бесплатно,3,1,нет,12169,48,4,созаемщик,автомобиль (новый),1
590,30,0,2,3,замужем/живет раздельно/разведена,1,2,1,0,0,4,страхование жизни/сберегательный договор,собственность,1,2,нет,960,15,3,нет,мебель/оборудование,1
591,32,0,2,1,замужем/живет раздельно/разведена,2,1,1,1,1,1,страхование жизни/сберегательный договор,собственность,2,1,нет,2528,27,4,нет,бизнес,1
592,38,1,1,4,никогда не состоял(а),2,1,1,0,0,1,недвижимость,собственность,0,2,нет,1495,12,4,нет,автомобиль (новый),1
593,32,1,2,2,живет раздельно/разведен,1,2,1,0,-1,1,недвижимость,собственность,4,2,нет,4583,30,2,поручитель,мебель/оборудование,1
594,21,0,2,1,замужем/живет раздельно/разведена,1,4,1,0,-1,1,страхование жизни/сберегательный договор,аренда,0,1,нет,1049,18,4,нет,мебель/оборудование,1
595,28,1,1,1,никогда не состоял(а),1,1,1,0,-1,1,страхование жизни/сберегательный договор,собственность,0,2,банк,1797,13,3,нет,бизнес,1
596,58,0,1,3,замужем/живет раздельно/разведена,1,3,1,1,-1,1,недвижимость,собственность,0,4,нет,385,12,4,нет,радио/телевидение,1
597,23,1,2,1,никогда не состоял(а),1,1,1,0,1,0,страхование жизни/сберегательный договор,собственность,2,1,нет,1444,15,4,нет,радио/телевидение,1
598,40,1,2,1,никогда не состоял(а),2,4,1,1,0,0,недвижимость,аренда,3,2,банк,7824,28,3,поручитель,автомобиль (б/у),1
599,38,1,3,4,никогда не состоял(а),2,4,1,1,-1,1,неизвестно/нет собственности,бесплатно,0,3,нет,10623,30,3,нет,автомобиль (б/у),1
