ID клиента,Возраст,Пол,Срок сотрудничества,Кредитный рейтинг,Сумма на банковском счете,Количество банковских продуктов,Кредитная карта,Статус сотрудничества
0,15693468,39.0,Женский,9,488,140553.46,1,Нет,Остается клиентом
1,15758372,18.0,Мужской,7,674,0.0,2,Есть,Покинул банк
2,15607537,46.0,Мужской,9,587,107850.82,1,Есть,Покинул банк
3,15732266,53.0,Мужской,5,553,127997.83,1,Есть,Покинул банк
4,15769353,40.0,Женский,8,550,150490.32,1,Нет,Покинул банк
5,15781505,20.0,Мужской,4,685,104719.94,2,Есть,Остается клиентом
6,15801152,39.0,Женский,1,553,142876.98,2,Есть,Остается клиентом
7,15658233,41.0,Женский,5,724,109798.25,0,,Остается клиентом
8,15805151,,Мужской,2,565,89558.39,2,Есть,Остается клиентом
9,15640905,35.0,Женский,1,579,129490.36,2,Нет,Покинул банк
10,15753337,51.0,Мужской,5,555,0.0,3,Есть,Покинул банк
11,15709368,43.0,Женский,6,614,0.0,2,Есть,Остается клиентом
12,15756026,46.0,Женский,9,790,0.0,1,Нет,Покинул банк
13,15762277,47.0,Мужской,5,710,158623.14,0,,Покинул банк
14,15808557,42.0,Женский,5,695,0.0,0,,Покинул банк
15,15764033,43.0,Женский,1,693,121927.92,1,Есть,Покинул банк
16,15667476,36.0,Женский,3,477,117700.86,0,,Остается клиентом
17,15733705,30.0,Женский,8,577,92472.1,2,Нет,Остается клиентом
18,15673877,39.0,Мужской,1,490,0.0,3,Есть,Покинул банк
19,15694237,39.0,Мужской,4,744,95161.75,1,Есть,Остается клиентом
20,15643392,31.0,Мужской,4,742,105239.1,1,Есть,Остается клиентом
21,15662751,40.0,Женский,0,655,81954.6,1,Есть,Покинул банк
22,15679062,47.0,Женский,10,734,91522.04,2,Есть,Остается клиентом
23,15757829,40.0,Женский,10,609,137389.77,2,Есть,Остается клиентом
24,15627365,46.0,Мужской,0,732,0.0,2,Есть,Остается клиентом
25,15811036,46.0,Мужской,7,565,135369.71,1,Нет,Остается клиентом
26,15702801,29.0,Женский,3,677,86616.35,1,Нет,Покинул банк
27,15587233,,Мужской,8,457,73700.12,3,Есть,Покинул банк
28,15627298,37.0,Мужской,7,589,85146.48,2,Есть,Покинул банк
29,15678910,30.0,Женский,8,680,141441.75,1,Есть,Остается клиентом
30,15729083,36.0,Мужской,2,674,154525.7,0,,Остается клиентом
31,15613886,,Мужской,1,722,0.0,1,Есть,Покинул банк
32,15785406,,Женский,4,446,105056.13,0,,Остается клиентом
33,15737795,36.0,Мужской,1,512,0.0,0,,Покинул банк
34,15674929,31.0,Женский,7,512,0.0,2,Нет,Остается клиентом
35,15574004,27.0,Женский,6,429,117307.44,2,Есть,Остается клиентом
36,15763907,39.0,Женский,1,820,104614.29,1,Есть,Покинул банк
37,15657809,55.0,Мужской,10,585,106415.57,3,Есть,Покинул банк
38,15701301,42.0,Женский,3,646,175159.9,2,Нет,Покинул банк
39,15738605,46.0,Женский,5,634,123642.36,1,Есть,Покинул банк
40,15649121,52.0,Мужской,3,665,0.0,1,Есть,Покинул банк
41,15701946,34.0,Мужской,4,715,124314.45,0,,Остается клиентом
42,15615430,,Мужской,4,678,129646.91,1,Есть,Покинул банк
43,15627995,26.0,Женский,5,756,155143.52,0,,Покинул банк
44,15750335,43.0,Мужской,0,850,108508.82,3,Есть,Покинул банк
45,15595728,41.0,Мужской,0,523,119276.31,0,,Покинул банк
46,15745605,47.0,Женский,2,722,88011.4,1,Есть,Покинул банк
47,15807923,39.0,Женский,10,716,115301.31,1,Есть,Покинул банк
48,15796313,36.0,Женский,4,662,166909.2,2,Есть,Покинул банк
49,15737047,45.0,Женский,6,754,0.0,1,Есть,Покинул банк
50,15651075,35.0,Мужской,3,562,142296.13,0,,Остается клиентом
51,15585287,35.0,Женский,9,842,119948.09,1,Есть,Покинул банк
52,15619898,55.0,Мужской,5,785,0.0,2,Есть,Остается клиентом
53,15624451,38.0,Женский,3,641,0.0,2,Есть,Остается клиентом
54,15569526,40.0,Мужской,10,601,98627.13,2,Нет,Остается клиентом
55,15709295,25.0,Женский,5,697,82931.85,2,Есть,Остается клиентом
56,15693764,52.0,Мужской,0,663,136298.65,1,Есть,Покинул банк
57,15806256,48.0,Мужской,2,540,109349.29,1,Есть,Покинул банк
58,15597949,47.0,Женский,5,768,104552.61,1,Есть,Покинул банк
59,15647191,36.0,Мужской,4,677,0.0,2,Есть,Остается клиентом
60,15788480,33.0,Женский,0,786,122325.58,1,Нет,Покинул банк
61,15641359,35.0,Женский,6,662,0.0,2,Нет,Покинул банк
62,15739857,40.0,Женский,3,785,0.0,2,Есть,Остается клиентом
63,15733973,42.0,Женский,8,850,0.0,1,Есть,Покинул банк
64,15768137,23.0,Женский,6,667,136100.69,2,Нет,Покинул банк
65,15688251,43.0,Мужской,1,767,76408.85,2,Есть,Остается клиентом
66,15808960,40.0,Мужской,5,620,108197.11,2,Есть,Остается клиентом
67,15749557,44.0,Женский,6,707,0.0,2,Есть,Остается клиентом
68,15729246,31.0,Мужской,5,847,0.0,2,Есть,Остается клиентом
69,15720134,30.0,Мужской,9,709,115479.48,2,Есть,Остается клиентом
70,15649354,35.0,Мужской,4,754,0.0,2,Есть,Остается клиентом
71,15610727,36.0,Мужской,7,605,128829.25,1,Есть,Остается клиентом
72,15576000,40.0,Мужской,6,765,138033.55,1,Есть,Остается клиентом
73,15706815,37.0,Мужской,2,515,90432.92,1,Есть,Покинул банк
74,15702912,35.0,Женский,2,752,0.0,1,Есть,Покинул банк
75,15793247,34.0,Мужской,5,498,0.0,2,Есть,Остается клиентом
76,15800746,45.0,Мужской,7,674,144889.18,1,Есть,Покинул банк
77,15669501,35.0,Мужской,5,706,0.0,2,Есть,Остается клиентом
78,15599081,46.0,Женский,8,507,102785.16,1,Есть,Остается клиентом
79,15647207,26.0,Мужской,7,609,0.0,2,Есть,Остается клиентом
80,15592583,,Женский,1,731,115414.19,3,Нет,Покинул банк
81,15720924,34.0,Женский,1,585,0.0,1,Есть,Остается клиентом
82,15790810,41.0,Женский,10,844,76319.64,1,Есть,Покинул банк
83,15737071,60.0,Женский,5,639,162039.78,1,Есть,Покинул банк
84,15588614,57.0,Мужской,7,753,0.0,1,Есть,Покинул банк
85,15804797,54.0,Женский,3,443,138547.97,1,Есть,Покинул банк
86,15806389,55.0,Женский,1,549,137592.31,2,Нет,Покинул банк
87,15690546,42.0,Женский,2,618,0.0,4,Нет,Покинул банк
88,15650266,39.0,Мужской,2,679,146186.28,2,Есть,Остается клиентом
89,15601873,36.0,Женский,7,677,0.0,1,Есть,Остается клиентом
90,15732202,34.0,Мужской,1,615,83503.11,2,Есть,Покинул банк
91,15642391,51.0,Мужской,4,621,109978.83,0,,Покинул банк
92,15706005,46.0,Мужской,2,674,174701.05,1,Есть,Покинул банк
93,15584452,41.0,Мужской,6,667,0.0,2,Нет,Остается клиентом
94,15715622,,Женский,3,583,238387.56,1,Нет,Покинул банк
95,15786463,59.0,Женский,8,645,121669.93,2,Нет,Покинул банк
96,15581736,47.0,Мужской,1,673,183579.54,2,Нет,Остается клиентом
97,15778395,34.0,Мужской,4,762,88815.56,2,Есть,Покинул банк
98,15705343,32.0,Женский,7,649,0.0,1,Есть,Остается клиентом
99,15687001,54.0,Мужской,1,596,123544.0,1,Есть,Покинул банк
100,15710012,44.0,Мужской,2,738,0.0,2,Есть,Покинул банк
101,15697844,32.0,Женский,10,721,0.0,1,Есть,Покинул банк
102,15654760,40.0,Мужской,1,811,101514.89,1,Есть,Остается клиентом
103,15769582,29.0,Мужской,3,586,0.0,2,Есть,Остается клиентом
104,15782735,35.0,Женский,3,626,0.0,0,,Остается клиентом
105,15694805,35.0,Мужской,1,664,115024.5,0,,Остается клиентом
106,15709117,,Женский,3,823,81576.75,1,Есть,Покинул банк
107,15746662,27.0,Женский,1,568,116320.68,0,,Остается клиентом
108,15690526,31.0,Мужской,2,690,137260.45,2,Есть,Остается клиентом
109,15755638,43.0,Женский,5,673,168069.73,1,Есть,Покинул банк
110,15583371,37.0,Мужской,1,632,138207.08,1,Есть,Покинул банк
111,15695339,53.0,Мужской,0,517,109172.88,1,Есть,Покинул банк
112,15766288,36.0,Женский,5,586,103700.69,1,Есть,Покинул банк
113,15778290,70.0,Мужской,8,799,70416.75,1,Есть,Остается клиентом
114,15660505,46.0,Мужской,2,735,106344.95,1,Есть,Покинул банк
115,15588859,44.0,Женский,0,496,179356.28,2,Есть,Покинул банк
116,15733247,,Мужской,10,850,0.0,1,Есть,Покинул банк
117,15809736,46.0,Мужской,2,664,0.0,1,Есть,Покинул банк
118,15596649,39.0,Женский,8,651,0.0,1,Есть,Остается клиентом
119,15805260,,Женский,2,705,143249.67,1,Есть,Покинул банк
120,15692106,25.0,Женский,3,606,147386.72,3,Есть,Покинул банк
121,15678034,46.0,Мужской,9,811,180226.24,1,Есть,Покинул банк
122,15746139,33.0,Мужской,2,596,139451.67,0,,Остается клиентом
123,15651533,50.0,Женский,5,570,129293.74,1,Есть,Покинул банк
124,15672598,30.0,Мужской,9,613,111927.45,1,Есть,Остается клиентом
125,15744689,35.0,Мужской,9,479,92833.89,1,Есть,Покинул банк
126,15669301,29.0,Женский,6,778,150358.97,1,Есть,Покинул банк
127,15657349,,Женский,8,803,98173.02,0,,Покинул банк
128,15648794,57.0,Мужской,4,836,101247.06,1,Есть,Покинул банк
129,15574331,62.0,Женский,3,593,118233.81,1,Нет,Покинул банк
130,15753831,32.0,Мужской,7,642,100433.8,1,Есть,Остается клиентом
131,15758939,35.0,Мужской,7,540,127801.88,1,Нет,Остается клиентом
132,15570060,43.0,Женский,8,586,132558.26,1,Есть,Покинул банк
133,15668283,48.0,Мужской,9,642,118317.27,4,Нет,Покинул банк
134,15701809,28.0,Женский,3,749,0.0,1,Есть,Остается клиентом
135,15800061,45.0,Женский,3,495,89158.94,3,Есть,Покинул банк
136,15723006,38.0,Мужской,8,489,0.0,2,Нет,Остается клиентом
137,15756668,30.0,Мужской,3,706,98415.37,1,Есть,Остается клиентом
138,15684196,55.0,Женский,2,627,159441.27,1,Есть,Покинул банк
139,15622033,41.0,Женский,3,847,101543.51,4,Есть,Покинул банк
140,15696588,36.0,Женский,3,679,0.0,2,Есть,Остается клиентом
141,15756848,42.0,Мужской,10,633,0.0,0,,Остается клиентом
142,15758031,38.0,Мужской,3,760,91241.85,0,,Остается клиентом
143,15592000,48.0,Женский,9,781,82794.18,1,Есть,Покинул банк
144,15666767,35.0,Мужской,1,508,86893.28,0,,Остается клиентом
145,15619955,,Мужской,3,733,100337.96,3,Есть,Покинул банк
146,15706223,38.0,Мужской,2,715,96798.79,2,Есть,Остается клиентом
147,15585249,42.0,Мужской,6,741,106036.52,1,Есть,Покинул банк
148,15672437,72.0,Мужской,1,642,160541.0,2,Есть,Остается клиентом
149,15636999,38.0,Мужской,8,414,0.0,0,,Покинул банк
150,15790299,37.0,Мужской,9,592,0.0,3,Есть,Остается клиентом
151,15614818,33.0,Женский,9,764,168964.77,0,,Остается клиентом
152,15615245,19.0,Мужской,5,660,127649.64,1,Есть,Остается клиентом
153,15709523,30.0,Женский,0,525,157989.21,2,Есть,Остается клиентом
154,15746203,62.0,Мужской,4,555,119817.33,0,,Покинул банк
155,15676909,34.0,Женский,5,667,0.0,2,Есть,Остается клиентом
156,15754301,39.0,Мужской,5,704,0.0,1,Есть,Остается клиентом
157,15685279,57.0,Женский,8,511,122950.31,1,Есть,Остается клиентом
158,15589949,34.0,Мужской,9,433,152806.74,1,Есть,Остается клиентом
159,15675896,42.0,Женский,7,680,105722.69,1,Есть,Покинул банк
160,15631882,45.0,Мужской,9,688,103399.87,1,Нет,Остается клиентом
161,15626578,26.0,Мужской,9,622,0.0,2,Есть,Остается клиентом
162,15733297,38.0,Женский,10,518,84764.79,1,Есть,Остается клиентом
163,15800116,28.0,Мужской,4,712,145605.44,0,,Остается клиентом
164,15602647,39.0,Мужской,6,729,127415.85,1,Есть,Покинул банк
165,15653275,54.0,Женский,1,785,0.0,2,Есть,Покинул банк
166,15706170,34.0,Мужской,1,636,84055.43,0,,Остается клиентом
167,15704583,56.0,Мужской,2,651,0.0,1,Есть,Покинул банк
168,15715047,,Мужской,9,640,172478.15,1,Есть,Покинул банк
169,15714939,34.0,Женский,4,484,148249.54,0,,Остается клиентом
170,15768233,37.0,Мужской,8,435,114346.3,0,,Покинул банк
171,15750156,59.0,Мужской,2,662,104568.41,1,Есть,Покинул банк
172,15727539,31.0,Женский,4,618,0.0,2,Есть,Остается клиентом
173,15589924,40.0,Женский,1,577,0.0,2,Есть,Остается клиентом
174,15623202,39.0,Женский,10,704,102556.18,2,Есть,Покинул банк
175,15712777,,Мужской,4,482,124976.19,1,Есть,Остается клиентом
176,15641389,48.0,Мужской,4,659,123593.22,2,Есть,Покинул банк
177,15690743,61.0,Женский,8,536,65190.29,1,Есть,Покинул банк
178,15633944,32.0,Мужской,3,644,136659.74,1,Есть,Остается клиентом
179,15702462,44.0,Женский,6,619,52831.13,1,Есть,Покинул банк
180,15631201,28.0,Женский,4,472,0.0,2,Есть,Остается клиентом
181,15631305,28.0,Женский,4,599,126833.79,2,Есть,Покинул банк
182,15604355,39.0,Мужской,1,519,97700.02,1,Есть,Остается клиентом
183,15576368,,Женский,3,624,122388.38,2,Нет,Остается клиентом
184,15761986,32.0,Женский,3,439,138901.61,1,Есть,Остается клиентом
185,15797081,49.0,Женский,9,611,115488.52,2,Есть,Покинул банк
186,15721658,56.0,Женский,2,672,209767.31,2,Есть,Покинул банк
187,15680278,42.0,Женский,9,661,75361.44,1,Есть,Покинул банк
188,15641860,,Мужской,6,764,108760.27,2,Есть,Покинул банк
189,15626795,40.0,Женский,3,672,0.0,1,Есть,Покинул банк
190,15601688,28.0,Мужской,8,546,0.0,1,Есть,Остается клиентом
191,15784124,41.0,Мужской,2,645,93925.3,1,Есть,Покинул банк
192,15749905,47.0,Женский,6,698,0.0,1,Есть,Покинул банк
193,15729771,,Мужской,9,799,154586.92,0,,Покинул банк
194,15677317,29.0,Женский,4,570,153040.03,1,Есть,Покинул банк
195,15699467,41.0,Женский,0,631,0.0,1,Нет,Остается клиентом
196,15812920,40.0,Мужской,5,607,90594.55,0,,Остается клиентом
197,15750447,60.0,Женский,10,678,117738.81,1,Есть,Покинул банк
198,15768387,41.0,Мужской,8,581,0.0,2,Нет,Остается клиентом
199,15584620,36.0,Женский,6,850,143644.16,1,Есть,Покинул банк
200,15736250,38.0,Мужской,2,781,117810.79,0,,Покинул банк
201,15585901,35.0,Мужской,1,717,0.0,3,Нет,Покинул банк
202,15622631,44.0,Мужской,8,588,154409.74,1,Есть,Покинул банк
203,15691910,30.0,Мужской,4,663,0.0,3,Есть,Остается клиентом
204,15658067,,Женский,3,636,120568.41,1,Есть,Покинул банк
205,15655229,35.0,Женский,7,850,114285.2,1,Нет,Остается клиентом
206,15779522,24.0,Женский,0,736,0.0,2,Есть,Покинул банк
207,15588955,43.0,Женский,5,581,93259.57,3,Есть,Покинул банк
208,15573798,36.0,Женский,6,448,83947.12,2,Есть,Остается клиентом
209,15629094,36.0,Женский,1,528,156948.41,1,Есть,Покинул банк
210,15571666,,Мужской,8,642,134497.27,1,Нет,Остается клиентом
211,15749851,26.0,Женский,4,702,135219.57,1,Нет,Остается клиентом
212,15655238,31.0,Женский,9,668,0.0,2,Нет,Остается клиентом
213,15567506,40.0,Женский,6,738,114940.67,2,Есть,Покинул банк
214,15772363,42.0,Женский,0,772,101979.16,1,Есть,Остается клиентом
215,15589572,61.0,Женский,4,785,129855.72,2,Есть,Покинул банк
216,15704651,26.0,Мужской,1,514,0.0,2,Нет,Остается клиентом
217,15796957,35.0,Мужской,9,597,0.0,3,Нет,Покинул банк
218,15617434,38.0,Мужской,9,655,0.0,0,,Остается клиентом
219,15596181,38.0,Мужской,8,542,65942.26,1,Есть,Покинул банк
220,15761886,36.0,Мужской,4,740,172381.8,1,Есть,Остается клиентом
221,15768566,34.0,Мужской,8,706,0.0,2,Есть,Остается клиентом
222,15591107,68.0,Женский,3,723,110357.0,1,Нет,Покинул банк
223,15738181,31.0,Мужской,6,850,67996.23,2,Нет,Покинул банк
224,15794360,70.0,Женский,5,592,71816.74,2,Есть,Покинул банк
225,15773890,22.0,Мужской,5,733,0.0,2,Есть,Остается клиентом
226,15698335,73.0,Женский,8,504,0.0,1,Есть,Остается клиентом
227,15710825,31.0,Мужской,7,592,110071.1,1,Нет,Остается клиентом
228,15579207,37.0,Мужской,3,545,91184.01,1,Есть,Остается клиентом
229,15713632,48.0,Женский,5,551,95679.29,0,,Остается клиентом
230,15799626,,Мужской,4,637,126345.55,0,,Покинул банк
231,15813504,25.0,Женский,1,543,146566.01,1,Нет,Остается клиентом
232,15702541,59.0,Женский,2,551,166968.28,1,Есть,Покинул банк
233,15777639,23.0,Женский,10,595,101126.66,2,Нет,Остается клиентом
234,15707120,46.0,Мужской,9,850,117640.39,1,Есть,Остается клиентом
235,15683657,,Женский,0,594,79340.95,1,Есть,Остается клиентом
236,15747878,60.0,Мужской,4,739,0.0,1,Есть,Остается клиентом
237,15791958,41.0,Женский,6,849,0.0,2,Есть,Покинул банк
238,15665783,49.0,Мужской,7,565,0.0,2,Есть,Остается клиентом
239,15713094,25.0,Женский,8,651,0.0,2,Есть,Остается клиентом
240,15697997,33.0,Мужской,5,602,164704.38,1,Нет,Покинул банк
241,15661473,51.0,Мужской,4,780,126725.25,1,Есть,Покинул банк
242,15607526,50.0,Мужской,1,638,102645.48,1,Есть,Покинул банк
243,15616280,46.0,Мужской,1,536,65733.41,1,Есть,Остается клиентом
244,15618936,51.0,Женский,5,688,0.0,1,Есть,Покинул банк
245,15647311,41.0,Женский,1,608,83807.86,1,Нет,Остается клиентом
246,15614168,50.0,Женский,4,792,146710.76,1,Есть,Покинул банк
247,15784597,26.0,Мужской,9,648,162923.85,1,Есть,Остается клиентом
248,15759133,18.0,Мужской,6,616,0.0,2,Есть,Остается клиентом
249,15781619,38.0,Женский,1,785,0.0,1,Есть,Покинул банк
250,15606097,63.0,Мужской,7,665,104469.58,1,Есть,Покинул банк
251,15639117,34.0,Женский,6,624,0.0,1,Есть,Покинул банк
252,15664555,,Мужской,2,587,0.0,4,Нет,Покинул банк
253,15641366,61.0,Мужской,1,599,124737.96,0,,Покинул банк
254,15736510,57.0,Женский,2,605,0.0,3,Есть,Покинул банк
255,15785358,46.0,Мужской,8,586,106968.96,1,Есть,Покинул банк
256,15679148,44.0,Мужской,3,508,115451.05,2,Нет,Остается клиентом
257,15761950,45.0,Женский,9,652,110827.49,1,Есть,Покинул банк
258,15689344,42.0,Мужской,4,615,0.0,3,Нет,Остается клиентом
259,15578141,38.0,Мужской,3,592,0.0,1,Есть,Покинул банк
260,15642063,40.0,Мужской,6,692,163505.16,1,Нет,Остается клиентом
261,15719017,34.0,Женский,8,672,0.0,2,Есть,Остается клиентом
262,15669491,46.0,Женский,2,850,157866.77,1,Есть,Остается клиентом
263,15637178,45.0,Женский,7,803,0.0,2,Есть,Остается клиентом
264,15623219,33.0,Мужской,8,596,0.0,1,Есть,Покинул банк
265,15743411,61.0,Мужской,1,609,0.0,1,Есть,Покинул банк
266,15770185,32.0,Мужской,10,779,80728.15,1,Есть,Остается клиентом
267,15712068,45.0,Мужской,8,592,84692.5,0,,Остается клиентом
268,15663410,,Мужской,5,771,135506.58,3,Есть,Покинул банк
269,15745399,49.0,Женский,2,649,0.0,1,Есть,Покинул банк
270,15809137,29.0,Мужской,6,453,0.0,0,,Покинул банк
271,15776921,45.0,Мужской,5,431,83624.55,2,Нет,Остается клиентом
272,15813741,25.0,Мужской,6,549,193858.2,1,Нет,Остается клиентом
273,15736990,,Мужской,3,537,157842.07,1,Есть,Остается клиентом
274,15711378,38.0,Мужской,4,677,0.0,2,Есть,Остается клиентом
275,15806318,48.0,Женский,2,676,124442.38,1,Есть,Покинул банк
276,15769216,43.0,Женский,2,601,0.0,1,Есть,Покинул банк
277,15592300,35.0,Мужской,10,543,59408.63,1,Есть,Остается клиентом
278,15572767,29.0,Мужской,2,777,0.0,2,Есть,Остается клиентом
279,15641136,32.0,Мужской,2,629,0.0,2,Нет,Остается клиентом
280,15685536,,Женский,5,552,0.0,2,Есть,Остается клиентом
281,15625080,54.0,Женский,8,745,0.0,1,Есть,Покинул банк
282,15611635,39.0,Женский,6,678,0.0,1,Нет,Остается клиентом
283,15602797,,Женский,5,645,110132.55,3,Нет,Покинул банк
284,15661409,42.0,Женский,1,542,0.0,1,Есть,Покинул банк
285,15676895,39.0,Женский,6,547,74596.15,3,Есть,Покинул банк
286,15771417,43.0,Мужской,7,640,132412.38,1,Нет,Покинул банк
287,15574206,37.0,Женский,7,718,0.0,2,Есть,Остается клиентом
288,15799859,50.0,Мужской,4,704,165438.26,1,Есть,Покинул банк
289,15587647,66.0,Женский,0,850,127120.62,1,Нет,Покинул банк
290,15804038,44.0,Мужской,9,740,0.0,0,,Покинул банк
291,15756954,32.0,Женский,2,538,0.0,1,Есть,Остается клиентом
292,15685329,63.0,Женский,1,531,114715.71,1,Нет,Покинул банк
293,15646372,66.0,Женский,1,616,135842.41,1,Есть,Покинул банк
294,15641413,49.0,Женский,7,587,155393.98,2,Есть,Покинул банк
295,15763171,25.0,Женский,2,650,114330.95,1,Есть,Остается клиентом
296,15775294,31.0,Женский,2,692,0.0,2,Есть,Покинул банк
297,15714391,35.0,Женский,2,563,183572.84,1,Есть,Покинул банк
298,15630466,45.0,Мужской,8,797,0.0,1,Нет,Остается клиентом
299,15754796,46.0,Женский,4,487,135070.58,2,Есть,Покинул банк
300,15631159,41.0,Мужской,4,705,72252.64,2,Есть,Остается клиентом
301,15691792,35.0,Мужской,8,416,0.0,0,,Остается клиентом
302,15695225,38.0,Мужской,8,834,0.0,2,Есть,Остается клиентом
303,15673342,36.0,Мужской,2,703,0.0,2,Есть,Остается клиентом
304,15603764,49.0,Мужской,4,560,0.0,1,Есть,Покинул банк
305,15811588,53.0,Женский,7,664,187602.18,1,Есть,Покинул банк
306,15790744,34.0,Женский,9,850,92899.27,2,Есть,Остается клиентом
307,15612140,46.0,Женский,7,721,137933.39,1,Есть,Остается клиентом
308,15711618,39.0,Женский,1,704,124640.51,1,Есть,Покинул банк
309,15717560,50.0,Мужской,0,580,125647.36,1,Есть,Покинул банк
310,15812210,32.0,Женский,8,497,111537.23,4,Есть,Покинул банк
311,15755241,52.0,Женский,2,714,0.0,0,,Покинул банк
312,15599386,28.0,Мужской,5,627,71097.23,1,Есть,Остается клиентом
313,15764431,34.0,Женский,5,671,130929.02,4,Есть,Покинул банк
314,15762799,23.0,Мужской,0,720,187861.18,2,Есть,Остается клиентом
315,15718406,41.0,Мужской,3,540,0.0,2,Есть,Остается клиентом
316,15742824,42.0,Мужской,7,696,162318.61,1,Есть,Остается клиентом
317,15722473,41.0,Мужской,3,713,0.0,2,Есть,Остается клиентом
318,15606177,39.0,Мужской,2,672,0.0,2,Есть,Остается клиентом
319,15566378,48.0,Мужской,5,515,129387.94,0,,Покинул банк
320,15759250,51.0,Мужской,3,745,99183.9,1,Есть,Остается клиентом
321,15666270,40.0,Женский,2,676,147803.48,1,Есть,Покинул банк
322,15717010,60.0,Женский,5,741,0.0,1,Есть,Остается клиентом
323,15726403,41.0,Мужской,1,660,129901.21,1,Есть,Покинул банк
324,15814468,,Мужской,1,551,121399.98,1,Нет,Покинул банк
325,15662337,50.0,Женский,1,744,121498.11,2,Нет,Покинул банк
326,15659092,50.0,Женский,5,621,0.0,2,Есть,Покинул банк
327,15642544,34.0,Мужской,5,723,0.0,2,Нет,Остается клиентом
328,15602479,37.0,Мужской,5,609,129312.79,1,Есть,Остается клиентом
329,15768295,34.0,Женский,7,778,109564.1,1,Нет,Остается клиентом
330,15638610,65.0,Женский,5,635,117325.54,1,Есть,Покинул банк
331,15579130,,Женский,0,708,118994.84,1,Есть,Покинул банк
332,15658972,,Женский,8,699,122038.34,1,Есть,Остается клиентом
333,15669219,35.0,Мужской,3,588,104356.38,1,Есть,Остается клиентом
334,15604792,38.0,Мужской,6,609,140752.06,2,Нет,Остается клиентом
335,15766355,49.0,Мужской,0,550,108806.96,3,Есть,Покинул банк
336,15670646,42.0,Женский,0,499,147187.84,1,Есть,Покинул банк
337,15638988,54.0,Мужской,6,684,0.0,2,Есть,Остается клиентом
338,15679961,46.0,Мужской,7,708,68799.72,1,Есть,Остается клиентом
339,15664793,,Женский,7,754,146777.44,2,Нет,Остается клиентом
340,15802220,35.0,Мужской,6,599,137102.65,0,,Остается клиентом
341,15630321,44.0,Мужской,3,680,0.0,2,Есть,Остается клиентом
342,15663650,52.0,Мужской,10,698,107304.39,3,Есть,Покинул банк
343,15648577,31.0,Женский,3,493,0.0,1,Есть,Покинул банк
344,15747927,26.0,Мужской,4,758,155739.76,1,Есть,Остается клиентом
345,15700749,39.0,Женский,6,481,0.0,1,Есть,Остается клиентом
346,15603111,71.0,Мужской,10,850,69608.14,1,Есть,Покинул банк
347,15760427,40.0,Мужской,6,850,124788.18,1,Есть,Остается клиентом
348,15735221,42.0,Женский,10,697,0.0,2,Есть,Остается клиентом
349,15802060,30.0,Женский,10,646,100548.67,2,Нет,Остается клиентом
350,15597709,39.0,Женский,6,602,154121.32,2,Есть,Покинул банк
351,15643158,40.0,Женский,9,598,0.0,1,Есть,Покинул банк
352,15773792,32.0,Женский,4,662,133950.37,1,Есть,Покинул банк
353,15793671,34.0,Мужской,5,606,0.0,1,Есть,Остается клиентом
354,15791700,47.0,Мужской,2,773,118079.47,4,Есть,Покинул банк
355,15625706,45.0,Мужской,2,693,116546.59,2,Нет,Покинул банк
356,15575955,24.0,Женский,0,764,0.0,2,Есть,Остается клиентом
357,15567802,34.0,Женский,2,450,0.0,2,Есть,Остается клиентом
358,15696120,30.0,Женский,2,701,0.0,2,Есть,Остается клиентом
359,15757535,44.0,Женский,5,647,0.0,3,Есть,Покинул банк
360,15713774,46.0,Женский,6,644,12459.19,1,Нет,Покинул банк
361,15702430,35.0,Женский,10,548,0.0,1,Есть,Остается клиентом
362,15575399,42.0,Женский,1,480,152160.21,2,Есть,Остается клиентом
363,15657284,47.0,Мужской,6,674,106901.94,1,Есть,Покинул банк
364,15671256,35.0,Женский,1,850,211774.31,1,Есть,Покинул банк
365,15655794,36.0,Мужской,8,620,0.0,2,Есть,Остается клиентом
366,15669411,52.0,Женский,6,750,107467.56,1,Есть,Покинул банк
367,15662884,58.0,Мужской,1,739,110597.76,0,,Покинул банк
368,15738835,38.0,Мужской,7,850,101985.81,2,Нет,Остается клиентом
369,15616630,41.0,Женский,5,583,77647.6,1,Есть,Остается клиентом
370,15718289,46.0,Мужской,3,553,82291.1,1,Есть,Покинул банк
371,15658148,38.0,Мужской,7,657,0.0,2,Есть,Остается клиентом
372,15764922,20.0,Мужской,3,596,187294.46,1,Есть,Остается клиентом
373,15731117,28.0,Мужской,2,437,109161.25,1,Есть,Остается клиентом
374,15585580,52.0,Женский,9,796,167194.36,1,Есть,Покинул банк
375,15592194,28.0,Женский,9,492,0.0,2,Есть,Остается клиентом
376,15651627,39.0,Мужской,1,628,115341.19,1,Есть,Покинул банк
377,15637131,38.0,Мужской,9,829,0.0,2,Есть,Остается клиентом
378,15581198,39.0,Женский,0,668,122104.79,1,Есть,Покинул банк
379,15574830,58.0,Мужской,2,633,128137.42,2,Есть,Покинул банк
380,15801414,35.0,Женский,2,767,0.0,2,Нет,Остается клиентом
381,15569572,42.0,Мужской,6,778,0.0,2,Есть,Остается клиентом
382,15745533,63.0,Женский,1,799,110314.21,2,Есть,Покинул банк
383,15754713,31.0,Мужской,10,685,135213.71,1,Есть,Остается клиентом
384,15631359,38.0,Женский,5,489,117289.92,1,Нет,Остается клиентом
385,15787470,47.0,Мужской,3,553,116528.15,0,,Покинул банк
386,15588090,,Женский,8,726,107494.86,2,Есть,Покинул банк
387,15706128,21.0,Женский,1,632,0.0,2,Есть,Остается клиентом
388,15623102,38.0,Мужской,6,713,116980.78,2,Нет,Остается клиентом
389,15683027,29.0,Мужской,4,570,122028.65,2,Есть,Остается клиентом
390,15647572,34.0,Мужской,0,504,54980.81,1,Есть,Остается клиентом
391,15799128,38.0,Женский,9,608,102406.76,0,,Остается клиентом
392,15758901,47.0,Женский,1,713,0.0,1,Есть,Покинул банк
393,15594612,44.0,Мужской,9,702,0.0,1,Нет,Покинул банк
394,15611024,,Женский,9,567,93522.2,1,Нет,Остается клиентом
395,15585892,35.0,Женский,8,639,0.0,0,,Остается клиентом
396,15779581,43.0,Женский,3,734,55853.33,2,Нет,Покинул банк
397,15727299,62.0,Мужской,1,445,64119.38,1,Есть,Покинул банк
398,15677783,38.0,Мужской,4,764,113607.47,1,Есть,Остается клиентом
399,15813192,25.0,Мужской,6,494,0.0,2,Нет,Остается клиентом
400,15624388,50.0,Женский,5,649,155393.32,1,Есть,Покинул банк
401,15669987,,Женский,8,728,125884.95,2,Есть,Покинул банк
402,15596493,47.0,Женский,7,687,0.0,2,Есть,Остается клиентом
403,15673790,45.0,Мужской,7,498,109200.74,2,Нет,Остается клиентом
404,15729515,36.0,Мужской,1,782,148795.17,2,Есть,Остается клиентом
405,15613140,34.0,Мужской,6,565,0.0,1,Есть,Остается клиентом
406,15768600,50.0,Мужской,9,805,130023.38,1,Есть,Покинул банк
407,15571144,28.0,Мужской,10,655,0.0,2,Нет,Остается клиентом
408,15686885,44.0,Мужской,3,777,124655.59,2,Нет,Остается клиентом
409,15639004,72.0,Мужской,2,668,0.0,2,Есть,Остается клиентом
410,15715951,42.0,Мужской,2,562,100238.35,1,Нет,Остается клиентом
411,15814816,40.0,Мужской,4,466,91592.06,1,Есть,Покинул банк
412,15577078,38.0,Мужской,6,539,0.0,1,Есть,Покинул банк
413,15781802,41.0,Мужской,6,755,104817.41,1,Есть,Покинул банк
414,15731790,,Женский,6,697,132591.36,1,Есть,Покинул банк
415,15778694,26.0,Женский,1,638,105249.76,2,Есть,Остается клиентом
416,15730076,45.0,Мужской,1,651,0.0,1,Есть,Покинул банк
417,15584704,48.0,Мужской,10,519,71083.98,1,Есть,Остается клиентом
418,15657342,28.0,Мужской,4,850,147972.19,1,Есть,Покинул банк
419,15722632,,Мужской,2,716,119655.77,1,Есть,Покинул банк
420,15724321,47.0,Женский,9,516,128298.74,1,Нет,Покинул банк
421,15758482,32.0,Женский,0,626,0.0,2,Нет,Остается клиентом
422,15744691,29.0,Женский,3,755,0.0,3,Есть,Остается клиентом
423,15713578,50.0,Женский,9,483,0.0,2,Есть,Остается клиентом
424,15717700,34.0,Мужской,9,683,114609.55,2,Нет,Остается клиентом
425,15723488,47.0,Мужской,7,668,106854.21,0,,Покинул банк
426,15807889,74.0,Мужской,5,634,108891.7,1,Есть,Остается клиентом
427,15570931,,Мужской,5,620,0.0,0,,Покинул банк
428,15782247,22.0,Мужской,4,540,0.0,3,Есть,Покинул банк
429,15748856,,Мужской,10,664,107209.73,1,Есть,Остается клиентом
430,15672027,33.0,Женский,10,717,102185.42,2,Есть,Остается клиентом
431,15656597,38.0,Мужской,2,432,135559.8,2,Есть,Остается клиентом
432,15586264,43.0,Мужской,2,572,140431.98,1,Есть,Покинул банк
433,15662488,44.0,Женский,5,627,0.0,2,Есть,Покинул банк
434,15597602,57.0,Мужской,3,619,137946.39,1,Есть,Покинул банк
435,15721935,25.0,Мужской,7,521,0.0,2,Есть,Остается клиентом
436,15607133,49.0,Женский,1,717,110864.38,2,Есть,Покинул банк
437,15759874,44.0,Мужской,3,532,148595.55,1,Есть,Покинул банк
438,15699247,44.0,Женский,5,791,0.0,2,Есть,Покинул банк
439,15740264,38.0,Мужской,9,640,0.0,2,Есть,Остается клиентом
440,15733447,51.0,Женский,1,562,124662.54,1,Есть,Покинул банк
441,15646563,35.0,Женский,9,772,0.0,0,,Остается клиентом
442,15585256,26.0,Мужской,2,805,0.0,2,Есть,Остается клиентом
443,15808851,75.0,Женский,9,511,105609.17,0,,Остается клиентом
444,15664339,48.0,Мужской,4,775,178144.91,2,Нет,Покинул банк
445,15570533,55.0,Женский,7,621,131033.76,0,,Покинул банк
446,15654096,24.0,Женский,10,779,122200.31,2,Есть,Остается клиентом
447,15633274,34.0,Мужской,7,679,160515.37,1,Есть,Остается клиентом
448,15632365,33.0,Мужской,8,542,142871.27,2,Нет,Остается клиентом
449,15679550,32.0,Мужской,9,743,0.0,2,Есть,Остается клиентом
450,15800515,35.0,Мужской,5,516,128653.59,1,Есть,Остается клиентом
451,15755330,41.0,Мужской,7,512,122403.24,0,,Покинул банк
452,15670528,43.0,Мужской,0,787,132217.45,1,Есть,Покинул банк
453,15616122,,Мужской,8,777,0.0,2,Есть,Остается клиентом
454,15634551,46.0,Мужской,3,727,115248.11,4,Есть,Покинул банк
455,15766826,26.0,Мужской,7,824,146266.0,1,Есть,Покинул банк
456,15682356,37.0,Женский,7,655,111852.84,2,Есть,Остается клиентом
457,15723886,20.0,Мужской,3,767,119714.25,2,Нет,Остается клиентом
458,15714006,,Женский,2,482,133111.73,1,Нет,Остается клиентом
459,15664907,47.0,Мужской,1,527,0.0,1,Есть,Покинул банк
460,15646726,43.0,Мужской,5,672,0.0,1,Нет,Остается клиентом
461,15703037,37.0,Мужской,5,618,0.0,0,,Покинул банк
462,15581089,35.0,Мужской,7,744,0.0,2,Есть,Остается клиентом
463,15702601,30.0,Мужской,4,680,108300.27,2,Нет,Покинул банк
464,15612832,,Мужской,7,526,125540.05,1,Нет,Остается клиентом
465,15583580,35.0,Женский,1,566,123042.0,1,Есть,Покинул банк
466,15689598,46.0,Мужской,6,722,0.0,1,Есть,Покинул банк
467,15680346,40.0,Мужской,8,683,0.0,1,Есть,Остается клиентом
468,15729689,35.0,Мужской,6,754,98585.94,2,Нет,Остается клиентом
469,15591286,49.0,Женский,4,731,88826.07,1,Есть,Покинул банк
470,15634974,37.0,Женский,8,614,75150.34,4,Нет,Покинул банк
471,15736879,23.0,Мужской,1,669,0.0,2,Нет,Остается клиентом
472,15783007,45.0,Женский,1,520,123086.39,1,Есть,Покинул банк
473,15657468,53.0,Женский,5,711,123805.03,1,Есть,Остается клиентом
474,15739438,30.0,Мужской,0,539,0.0,2,Есть,Остается клиентом
475,15806284,31.0,Мужской,1,739,0.0,2,Есть,Остается клиентом
476,15719508,49.0,Мужской,7,575,121205.15,4,Есть,Покинул банк
477,15587535,46.0,Женский,5,450,177619.71,1,Есть,Остается клиентом
478,15769959,53.0,Женский,4,597,88381.21,1,Есть,Покинул банк
479,15745083,59.0,Мужской,8,613,91415.76,0,,Покинул банк
480,15789097,48.0,Мужской,8,644,0.0,2,Нет,Покинул банк
481,15783629,42.0,Женский,6,616,117899.95,2,Нет,Остается клиентом
482,15792649,31.0,Женский,9,547,0.0,2,Нет,Остается клиентом
483,15693205,41.0,Женский,8,691,109153.96,3,Есть,Покинул банк
484,15787255,55.0,Женский,2,650,140891.46,3,Есть,Покинул банк
485,15688963,52.0,Женский,10,731,0.0,1,Есть,Покинул банк
486,15612187,32.0,Мужской,8,547,155726.85,1,Есть,Остается клиентом
487,15627830,,Женский,5,640,32197.64,0,,Остается клиентом
488,15589948,28.0,Мужской,1,607,135936.1,2,Есть,Остается клиентом
489,15787529,,Мужской,0,592,0.0,1,Есть,Покинул банк
490,15748414,33.0,Женский,8,526,114634.63,2,Есть,Покинул банк
491,15763029,46.0,Мужской,9,612,161450.03,1,Есть,Покинул банк
492,15627484,47.0,Женский,5,686,113328.93,1,Есть,Остается клиентом
493,15660429,,Женский,2,665,156371.61,2,Нет,Покинул банк
494,15786539,32.0,Мужской,1,808,0.0,2,Есть,Остается клиентом
495,15569878,37.0,Мужской,3,592,96651.03,1,Есть,Остается клиентом
496,15719991,52.0,Женский,1,727,154733.97,1,Есть,Покинул банк
497,15752047,33.0,Мужской,2,689,161814.64,2,Есть,Остается клиентом
498,15656426,42.0,Женский,3,713,0.0,2,Нет,Остается клиентом
499,15692918,36.0,Мужской,10,604,113546.3,1,Есть,Остается клиентом
500,15581440,48.0,Женский,6,724,110463.25,2,Есть,Покинул банк
501,15623630,56.0,Женский,3,634,116251.24,1,Нет,Покинул банк
502,15710164,73.0,Женский,7,523,0.0,2,Нет,Покинул банк
503,15726791,45.0,Женский,2,637,157929.45,1,Есть,Покинул банк
504,15741275,57.0,Женский,7,623,71481.79,2,Есть,Остается клиентом
505,15776518,38.0,Женский,4,579,175739.36,1,Есть,Остается клиентом
506,15810978,70.0,Женский,1,788,0.0,2,Есть,Остается клиентом
507,15774151,41.0,Женский,7,614,179915.85,0,,Покинул банк
508,15699598,20.0,Женский,4,723,0.0,2,Есть,Остается клиентом
509,15751137,36.0,Женский,3,850,169025.83,1,Есть,Остается клиентом
510,15711901,,Мужской,2,500,109162.82,1,Есть,Остается клиентом
511,15755209,35.0,Женский,7,484,133868.21,1,Есть,Остается клиентом
512,15728608,34.0,Женский,9,688,91025.58,2,Нет,Остается клиентом
513,15724076,57.0,Женский,5,815,0.0,3,Нет,Покинул банк
514,15785869,25.0,Женский,7,718,0.0,2,Есть,Остается клиентом
515,15772423,54.0,Мужской,8,739,126418.14,1,Есть,Покинул банк
516,15795954,35.0,Мужской,2,746,172274.01,1,Есть,Остается клиентом
517,15783349,39.0,Мужской,1,481,111233.09,1,Есть,Остается клиентом
518,15632280,53.0,Женский,9,544,0.0,1,Есть,Покинул банк
519,15766166,43.0,Мужской,2,604,145081.72,1,Есть,Остается клиентом
520,15582129,,Мужской,1,517,43772.66,3,Есть,Покинул банк
521,15606861,34.0,Мужской,8,636,0.0,2,Есть,Остается клиентом
522,15680046,36.0,Мужской,8,711,0.0,2,Есть,Остается клиентом
523,15611580,33.0,Мужской,4,751,79281.61,1,Есть,Остается клиентом
524,15812272,44.0,Мужской,5,693,124601.58,2,Есть,Покинул банк
525,15669782,39.0,Мужской,9,820,111336.89,1,Есть,Покинул банк
526,15766017,58.0,Мужской,3,615,72309.3,1,Есть,Покинул банк
527,15679770,61.0,Женский,3,611,131583.59,4,Нет,Покинул банк
528,15654964,48.0,Мужской,7,608,75801.74,1,Есть,Остается клиентом
529,15621075,45.0,Женский,1,778,162150.42,2,Есть,Остается клиентом
530,15569571,46.0,Женский,6,584,87361.02,2,Есть,Покинул банк
531,15596013,58.0,Женский,1,694,143212.22,0,,Покинул банк
532,15705113,34.0,Мужской,6,685,83264.28,0,,Остается клиентом
533,15756920,63.0,Мужской,9,576,70655.48,0,,Покинул банк
534,15791513,41.0,Мужской,4,647,138937.35,1,Есть,Покинул банк
535,15738088,63.0,Мужской,10,634,0.0,2,Есть,Покинул банк
536,15721007,33.0,Мужской,8,776,115130.34,1,Нет,Покинул банк
537,15747534,,Мужской,10,595,0.0,1,Есть,Покинул банк
538,15716431,30.0,Женский,10,775,191091.74,2,Есть,Остается клиентом
539,15570289,,Мужской,8,697,103409.16,1,Есть,Покинул банк
540,15789611,46.0,Мужской,8,568,150836.92,0,,Покинул банк
541,15690829,49.0,Мужской,3,430,137115.16,1,Есть,Покинул банк
542,15769005,49.0,Мужской,4,709,154344.49,2,Есть,Остается клиентом
543,15813067,45.0,Женский,3,432,110219.14,1,Есть,Покинул банк
544,15679663,36.0,Женский,0,488,0.0,2,Есть,Остается клиентом
545,15601274,40.0,Женский,1,667,146502.07,1,Есть,Остается клиентом
546,15810732,36.0,Женский,8,730,148749.29,2,Есть,Остается клиентом
547,15586959,,Женский,5,468,0.0,2,Есть,Остается клиентом
548,15578006,85.0,Женский,10,787,0.0,2,Есть,Остается клиентом
549,15729110,42.0,Женский,7,729,0.0,2,Есть,Покинул банк
550,15731951,28.0,Женский,5,689,95328.6,1,Есть,Покинул банк
551,15784320,44.0,Женский,3,632,133793.89,1,Есть,Покинул банк
552,15633064,36.0,Женский,4,438,0.0,2,Есть,Остается клиентом
553,15569764,41.0,Женский,2,687,154007.21,1,Есть,Остается клиентом
554,15761453,42.0,Мужской,6,667,0.0,1,Есть,Остается клиентом
555,15596397,48.0,Женский,7,814,0.0,2,Есть,Остается клиентом
556,15624347,40.0,Мужской,4,651,0.0,2,Есть,Остается клиентом
557,15713374,67.0,Мужской,9,689,157094.78,1,Есть,Остается клиентом
558,15736271,29.0,Женский,9,498,0.0,1,Есть,Остается клиентом
559,15772896,42.0,Мужской,6,763,100160.75,1,Есть,Покинул банк
560,15577999,62.0,Женский,1,850,124678.35,1,Есть,Покинул банк
561,15588918,42.0,Женский,6,671,0.0,2,Есть,Остается клиентом
562,15707861,46.0,Женский,10,520,85216.61,1,Есть,Покинул банк
563,15684548,38.0,Мужской,8,556,0.0,2,Нет,Покинул банк
564,15635034,37.0,Мужской,9,727,101191.83,1,Есть,Покинул банк
565,15624633,45.0,Мужской,9,702,74989.58,1,Есть,Остается клиентом
566,15580629,31.0,Мужской,6,604,134837.58,1,Есть,Остается клиентом
567,15708693,33.0,Женский,2,759,0.0,2,Есть,Остается клиентом
568,15635240,42.0,Мужской,1,553,0.0,2,Нет,Остается клиентом
569,15735203,32.0,Женский,1,654,114510.85,1,Есть,Остается клиентом
570,15706557,,Женский,0,626,0.0,2,Есть,Покинул банк
571,15804950,41.0,Женский,7,514,0.0,2,Есть,Остается клиентом
572,15777873,31.0,Женский,5,628,0.0,1,Нет,Покинул банк
573,15647838,51.0,Женский,2,648,116574.84,1,Есть,Покинул банк
574,15765311,34.0,Мужской,8,642,0.0,1,Есть,Остается клиентом
575,15674720,37.0,Женский,7,691,123067.63,1,Есть,Покинул банк
576,15770474,33.0,Женский,1,685,0.0,3,Нет,Покинул банк
577,15645200,54.0,Женский,2,581,152508.99,1,Есть,Покинул банк
578,15650258,35.0,Женский,2,479,113090.4,1,Есть,Остается клиентом
579,15720110,32.0,Мужской,2,795,117265.21,1,Есть,Остается клиентом
580,15681206,49.0,Женский,3,722,168197.66,1,Есть,Покинул банк
581,15790093,,Женский,2,627,0.0,2,Есть,Остается клиентом
582,15640442,31.0,Мужской,4,717,129722.57,1,Нет,Остается клиентом
583,15566531,33.0,Мужской,4,724,88046.88,1,Нет,Покинул банк
584,15647385,56.0,Мужской,4,579,99340.83,0,,Покинул банк
585,15729582,48.0,Мужской,3,676,80697.44,0,,Остается клиентом
586,15624744,42.0,Мужской,9,622,115766.26,0,,Покинул банк
587,15771409,58.0,Мужской,7,586,151933.63,1,Есть,Покинул банк
588,15773283,65.0,Мужской,6,641,38340.02,1,Есть,Покинул банк
589,15662532,31.0,Мужской,8,757,149085.9,2,Есть,Остается клиентом
590,15790658,,Мужской,8,621,68683.68,1,Есть,Остается клиентом
591,15582149,34.0,Женский,3,850,129668.43,2,Есть,Остается клиентом
592,15657829,30.0,Мужской,8,806,168078.83,1,Есть,Покинул банк
593,15801218,49.0,Мужской,8,675,135133.39,1,Нет,Покинул банк
594,15738907,60.0,Женский,6,798,96956.1,1,Есть,Покинул банк
595,15714575,,Женский,8,742,107926.02,1,Нет,Покинул банк
596,15608653,34.0,Женский,7,521,70731.07,1,Есть,Покинул банк
597,15809309,40.0,Женский,5,689,154251.67,1,Нет,Остается клиентом
598,15681274,56.0,Женский,2,726,105473.74,1,Есть,Остается клиентом
599,15641319,50.0,Мужской,4,518,0.0,1,Нет,Покинул банк
600,15637354,24.0,Женский,7,623,148167.83,2,Есть,Остается клиентом
601,15755018,,Женский,10,568,109819.16,2,Есть,Остается клиентом
602,15666856,49.0,Мужской,1,774,142767.39,1,Есть,Остается клиентом
603,15633378,49.0,Женский,9,692,0.0,2,Есть,Остается клиентом
604,15701164,34.0,Женский,4,506,90307.62,1,Есть,Остается клиентом
605,15654700,40.0,Женский,2,523,102967.41,1,Есть,Покинул банк
606,15798659,43.0,Женский,3,526,0.0,2,Есть,Остается клиентом
607,15630419,44.0,Мужской,9,634,149961.11,1,Есть,Остается клиентом
608,15700854,35.0,Мужской,8,595,0.0,1,Есть,Покинул банк
609,15586133,44.0,Женский,2,666,122314.5,0,,Покинул банк
610,15621004,32.0,Мужской,7,603,0.0,1,Есть,Покинул банк
611,15571284,,Мужской,0,756,109528.16,2,Есть,Остается клиентом
612,15682268,26.0,Женский,1,676,108348.66,0,,Покинул банк
613,15576644,29.0,Женский,4,687,78939.15,1,Есть,Покинул банк
614,15725679,47.0,Женский,6,531,0.0,0,,Покинул банк
615,15733797,36.0,Мужской,5,506,0.0,2,Есть,Остается клиентом
616,15734461,31.0,Мужской,2,562,112708.2,0,,Остается клиентом
617,15795149,28.0,Мужской,2,703,81173.83,2,Нет,Остается клиентом
618,15653937,,Женский,1,638,123916.67,1,Есть,Покинул банк
619,15772412,30.0,Мужской,6,554,135370.12,1,Есть,Покинул банк
620,15755084,37.0,Мужской,7,531,121854.45,1,Есть,Остается клиентом
621,15664498,26.0,Мужской,7,508,205962.0,1,Есть,Остается клиентом
622,15690182,37.0,Мужской,5,635,113488.68,1,Есть,Покинул банк
623,15763613,30.0,Мужской,1,581,0.0,2,Есть,Остается клиентом
624,15730759,27.0,Женский,9,561,135637.0,1,Есть,Покинул банк
625,15636023,40.0,Женский,10,619,0.0,1,Есть,Покинул банк
626,15703167,45.0,Женский,8,628,0.0,2,Есть,Остается клиентом
627,15585985,48.0,Мужской,5,746,165282.42,1,Есть,Покинул банк
628,15691624,33.0,Мужской,2,820,132150.26,2,Есть,Остается клиентом
629,15670374,,Женский,1,819,120656.86,4,Нет,Покинул банк
630,15588449,27.0,Женский,5,591,107812.67,1,Нет,Покинул банк
631,15775067,47.0,Мужской,3,606,93578.68,2,Нет,Покинул банк
632,15658956,40.0,Мужской,6,505,47869.69,2,Есть,Остается клиентом
633,15589496,34.0,Мужской,5,778,139064.06,2,Нет,Остается клиентом
634,15603749,53.0,Женский,2,564,45472.28,1,Есть,Покинул банк
635,15709941,46.0,Мужской,8,753,0.0,3,Есть,Покинул банк
636,15594456,56.0,Женский,4,740,99097.33,1,Есть,Покинул банк
637,15775625,47.0,Мужской,6,596,0.0,1,Есть,Остается клиентом
638,15649379,46.0,Женский,3,850,0.0,2,Есть,Остается клиентом
639,15605916,50.0,Женский,3,659,0.0,1,Есть,Покинул банк
640,15762418,22.0,Мужской,3,750,121681.82,1,Есть,Покинул банк
641,15686588,28.0,Женский,2,777,134571.5,0,,Остается клиентом
642,15793346,72.0,Женский,3,602,0.0,2,Есть,Остается клиентом
643,15613102,31.0,Женский,2,670,57530.06,1,Есть,Покинул банк
644,15711314,45.0,Женский,1,589,0.0,0,,Покинул банк
645,15636330,48.0,Женский,1,588,143279.58,2,Есть,Покинул банк
646,15749482,30.0,Мужской,4,772,78653.05,1,Есть,Остается клиентом
647,15799186,38.0,Мужской,4,632,0.0,2,Нет,Остается клиентом
648,15814237,30.0,Мужской,3,627,128770.88,2,Есть,Остается клиентом
649,15791925,29.0,Мужской,10,751,147737.63,1,Нет,Остается клиентом
650,15577313,44.0,Мужской,3,619,116967.68,1,Есть,Покинул банк
651,15744582,24.0,Женский,10,680,0.0,3,Есть,Покинул банк
652,15655574,40.0,Женский,8,698,150777.1,1,Есть,Остается клиентом
653,15589257,35.0,Женский,3,670,103465.02,2,Есть,Остается клиентом
654,15692577,38.0,Женский,10,674,83727.68,1,Есть,Остается клиентом
655,15715638,77.0,Мужской,3,824,27517.15,2,Нет,Остается клиентом
656,15802758,23.0,Женский,4,594,104753.84,2,Есть,Покинул банк
657,15673020,49.0,Женский,3,678,204510.94,0,,Покинул банк
658,15747649,36.0,Женский,0,558,126606.63,2,Есть,Остается клиентом
659,15693267,34.0,Женский,7,679,121063.85,1,Есть,Остается клиентом
660,15623989,54.0,Мужской,3,435,0.0,1,Есть,Покинул банк
661,15618562,40.0,Женский,0,618,140306.38,1,Есть,Покинул банк
662,15606613,,Женский,7,655,0.0,1,Есть,Покинул банк
663,15793890,59.0,Женский,4,728,0.0,1,Есть,Покинул банк
664,15718281,67.0,Мужской,1,706,123276.69,2,Есть,Покинул банк
665,15637690,34.0,Женский,7,622,98675.74,1,Есть,Покинул банк
666,15815656,39.0,Женский,9,541,100116.67,1,Есть,Покинул банк
667,15650424,48.0,Женский,3,641,147341.43,1,Есть,Покинул банк
668,15774872,36.0,Мужской,10,663,0.0,2,Есть,Остается клиентом
669,15611430,54.0,Мужской,5,690,0.0,1,Есть,Покинул банк
670,15593283,48.0,Женский,1,705,156848.13,2,Есть,Покинул банк
671,15703588,25.0,Мужской,5,665,153611.83,2,Есть,Остается клиентом
672,15598840,33.0,Мужской,1,680,123082.08,1,Есть,Остается клиентом
673,15728963,51.0,Женский,10,617,167273.71,1,Нет,Покинул банк
674,15762588,31.0,Мужской,5,644,0.0,2,Есть,Остается клиентом
675,15798895,59.0,Женский,6,525,55328.4,1,Есть,Покинул банк
676,15722425,32.0,Мужской,9,639,0.0,2,Есть,Остается клиентом
677,15680683,29.0,Мужской,5,640,197200.04,2,Есть,Остается клиентом
678,15721383,40.0,Мужской,10,627,0.0,2,Есть,Остается клиентом
679,15730044,42.0,Женский,6,809,64497.94,3,Нет,Покинул банк
680,15648005,33.0,Мужской,2,672,0.0,2,Есть,Остается клиентом
681,15585367,46.0,Женский,4,555,120392.99,1,Есть,Покинул банк
682,15782360,65.0,Мужской,2,743,131935.51,1,Есть,Покинул банк
683,15650488,48.0,Женский,6,492,127253.98,1,Есть,Покинул банк
684,15780954,26.0,Мужской,4,582,65848.36,2,Есть,Остается клиентом
685,15722991,,Мужской,9,567,96402.96,1,Нет,Покинул банк
686,15712319,45.0,Мужской,8,714,150900.29,2,Нет,Остается клиентом
687,15641416,,Женский,9,732,94867.18,2,Есть,Покинул банк
688,15582116,45.0,Женский,7,767,132746.2,2,Есть,Покинул банк
689,15617476,30.0,Женский,5,546,0.0,2,Нет,Остается клиентом
690,15777922,36.0,Мужской,1,629,161757.87,2,Есть,Остается клиентом
691,15792668,37.0,Мужской,7,661,109908.06,2,Есть,Покинул банк
692,15694272,30.0,Мужской,1,673,64097.75,1,Есть,Остается клиентом
693,15711789,42.0,Женский,3,768,0.0,1,Нет,Покинул банк
694,15684769,,Мужской,10,542,129431.36,0,,Остается клиентом
695,15696674,45.0,Женский,2,643,150842.93,1,Нет,Покинул банк
696,15751774,76.0,Мужской,4,774,112510.89,1,Есть,Остается клиентом
697,15727811,47.0,Женский,0,661,109493.62,1,Нет,Покинул банк
698,15579996,,Женский,7,524,131402.21,0,,Остается клиентом
699,15623858,45.0,Мужской,9,603,0.0,0,,Остается клиентом
700,15789548,37.0,Женский,7,592,0.0,2,Есть,Остается клиентом
701,15568449,38.0,Мужской,7,661,143006.7,1,Есть,Остается клиентом
702,15715465,28.0,Мужской,7,714,77776.39,1,Есть,Остается клиентом
703,15810418,60.0,Женский,3,756,115924.89,1,Есть,Покинул банк
704,15676242,,Мужской,3,632,136556.44,1,Есть,Покинул банк
705,15717706,32.0,Женский,3,799,106045.92,2,Есть,Остается клиентом
706,15599272,36.0,Женский,1,795,151844.64,1,Есть,Остается клиентом
707,15650591,50.0,Мужской,10,809,118098.62,1,Есть,Покинул банк
708,15705448,52.0,Мужской,7,647,130013.12,1,Есть,Покинул банк
709,15792064,53.0,Мужской,5,545,114421.55,1,Есть,Покинул банк
710,15719827,,Мужской,3,767,0.0,0,,Остается клиентом
711,15720511,41.0,Мужской,3,547,151191.31,1,Есть,Покинул банк
712,15792646,64.0,Женский,1,647,91216.0,1,Есть,Остается клиентом
713,15742798,22.0,Женский,7,829,150126.44,1,Есть,Покинул банк
714,15661034,29.0,Женский,5,813,106059.4,0,,Покинул банк
715,15573086,,Мужской,7,564,99824.45,1,Есть,Остается клиентом
716,15644501,26.0,Женский,10,579,162482.76,1,Есть,Остается клиентом
717,15569917,30.0,Мужской,6,706,87609.68,2,Нет,Покинул банк
718,15707567,50.0,Мужской,6,732,145338.76,1,Нет,Покинул банк
719,15627840,42.0,Женский,0,682,0.0,1,Нет,Покинул банк
720,15696506,27.0,Мужской,9,604,101352.78,0,,Остается клиентом
721,15690958,23.0,Мужской,2,767,139542.82,1,Нет,Остается клиентом
722,15690647,46.0,Женский,8,582,67563.31,1,Есть,Покинул банк
723,15797900,,Мужской,9,517,142147.32,0,,Покинул банк
724,15588080,54.0,Мужской,6,675,0.0,1,Есть,Покинул банк
725,15790442,33.0,Мужской,2,631,0.0,2,Есть,Остается клиентом
726,15789313,44.0,Женский,4,595,96553.52,2,Есть,Покинул банк
727,15764537,43.0,Мужской,8,703,0.0,2,Есть,Остается клиентом
728,15802585,41.0,Женский,8,634,68213.99,1,Есть,Остается клиентом
729,15613282,29.0,Мужской,8,757,130306.49,1,Есть,Остается клиентом
730,15770719,39.0,Женский,6,697,151553.19,1,Есть,Остается клиентом
731,15664668,42.0,Женский,9,534,144801.97,0,,Покинул банк
732,15577170,60.0,Мужской,5,532,76705.87,2,Нет,Остается клиентом
733,15744553,,Мужской,2,444,144318.97,1,Есть,Остается клиентом
734,15792180,22.0,Мужской,7,566,144954.75,2,Есть,Остается клиентом
735,15739576,20.0,Мужской,8,706,0.0,2,Есть,Остается клиентом
736,15575147,22.0,Мужской,9,699,99339.0,1,Есть,Покинул банк
737,15636977,36.0,Мужской,9,507,118214.32,3,Есть,Покинул банк
738,15687658,52.0,Женский,7,716,65971.61,2,Есть,Покинул банк
739,15589076,36.0,Мужской,9,737,0.0,0,,Покинул банк
740,15786717,36.0,Мужской,1,567,0.0,2,Нет,Остается клиентом
741,15619608,50.0,Женский,10,454,92895.56,1,Есть,Покинул банк
742,15612776,39.0,Женский,10,850,0.0,2,Есть,Остается клиентом
743,15789563,,Женский,7,706,111288.18,1,Есть,Покинул банк
744,15723950,40.0,Мужской,2,684,70291.02,1,Есть,Покинул банк
745,15701042,27.0,Женский,2,596,151027.56,1,Есть,Остается клиентом
746,15743456,32.0,Женский,10,715,0.0,2,Есть,Остается клиентом
747,15611171,33.0,Мужской,1,740,129574.98,1,Есть,Остается клиентом
748,15814275,33.0,Мужской,6,685,174912.72,1,Есть,Остается клиентом
749,15642870,58.0,Мужской,9,677,0.0,0,,Остается клиентом
750,15730394,43.0,Женский,8,709,0.0,2,Нет,Покинул банк
751,15804919,65.0,Женский,1,670,0.0,1,Есть,Покинул банк
752,15624519,49.0,Женский,9,656,97092.87,1,Есть,Покинул банк
753,15691817,44.0,Женский,5,547,0.0,3,Нет,Покинул банк
754,15755242,46.0,Женский,2,682,0.0,1,Есть,Остается клиентом
755,15566251,37.0,Женский,5,618,96652.86,1,Есть,Покинул банк
756,15606887,30.0,Женский,5,775,0.0,1,Есть,Покинул банк
757,15787756,51.0,Мужской,10,467,114514.71,2,Есть,Покинул банк
758,15664681,35.0,Женский,2,584,114321.28,2,Нет,Остается клиентом
759,15661162,49.0,Мужской,2,526,0.0,1,Есть,Покинул банк
760,15606397,44.0,Женский,1,577,152086.15,0,,Покинул банк
761,15716381,50.0,Женский,7,666,109062.28,1,Есть,Покинул банк
762,15752294,38.0,Женский,9,582,135979.01,4,Есть,Покинул банк
763,15732293,31.0,Мужской,8,759,0.0,2,Есть,Остается клиентом
764,15579074,38.0,Мужской,10,619,84651.79,1,Есть,Остается клиентом
765,15719778,32.0,Женский,1,577,0.0,2,Есть,Остается клиентом
766,15624755,40.0,Женский,3,707,109628.44,1,Есть,Остается клиентом
767,15686137,32.0,Мужской,9,456,147506.25,1,Есть,Остается клиентом
768,15570601,47.0,Женский,9,785,122031.55,1,Есть,Покинул банк
769,15812198,48.0,Мужской,1,543,100900.5,0,,Покинул банк
770,15807269,43.0,Мужской,2,690,166522.78,0,,Покинул банк
771,15577398,30.0,Мужской,6,850,86449.39,1,Есть,Остается клиентом
772,15774192,38.0,Женский,8,539,105435.74,0,,Покинул банк
773,15661629,34.0,Мужской,9,522,126436.29,1,Есть,Покинул банк
774,15708713,35.0,Мужской,3,633,0.0,2,Есть,Остается клиентом
775,15617052,34.0,Мужской,9,782,0.0,1,Есть,Покинул банк
776,15600086,48.0,Мужской,7,717,123764.95,1,Есть,Остается клиентом
777,15669656,32.0,Мужской,6,632,111589.33,1,Есть,Остается клиентом
778,15681476,39.0,Женский,1,520,73493.17,1,Нет,Покинул банк
779,15617401,22.0,Мужской,2,468,0.0,2,Есть,Остается клиентом
780,15778589,34.0,Мужской,7,626,113014.7,2,Есть,Остается клиентом
781,15778142,31.0,Женский,1,850,130089.56,2,Есть,Остается клиентом
782,15757537,31.0,Женский,6,610,107784.65,1,Есть,Остается клиентом
783,15669414,62.0,Мужской,9,486,118356.89,2,Есть,Покинул банк
784,15605425,44.0,Женский,2,545,127536.44,1,Есть,Остается клиентом
785,15661433,34.0,Мужской,5,519,0.0,1,Есть,Остается клиентом
786,15675141,35.0,Женский,4,569,93934.63,1,Есть,Остается клиентом
787,15626628,31.0,Женский,2,631,88161.85,2,Есть,Остается клиентом
788,15710087,54.0,Женский,3,705,125889.3,3,Есть,Покинул банк
789,15677796,47.0,Мужской,9,766,129289.98,1,Есть,Покинул банк
790,15740527,,Женский,7,766,142724.48,0,,Покинул банк
791,15756975,35.0,Женский,3,777,0.0,2,Есть,Остается клиентом
792,15638646,43.0,Женский,1,669,160474.59,1,Есть,Остается клиентом
793,15663808,59.0,Женский,8,666,152614.51,2,Есть,Остается клиентом
794,15642530,47.0,Женский,10,706,144090.42,1,Есть,Покинул банк
795,15629390,37.0,Мужской,7,653,135847.47,1,Есть,Остается клиентом
796,15792986,24.0,Мужской,1,580,133811.78,1,Есть,Покинул банк
797,15692750,45.0,Женский,7,629,129818.39,3,Есть,Покинул банк
798,15621064,23.0,Мужской,5,701,186101.18,2,Есть,Остается клиентом
799,15745250,58.0,Мужской,8,850,156652.13,1,Нет,Покинул банк
800,15638882,62.0,Женский,9,710,148214.36,1,Есть,Покинул банк
801,15811177,31.0,Женский,3,643,167949.48,1,Есть,Остается клиентом
802,15804709,35.0,Мужской,5,688,111578.18,0,,Покинул банк
803,15622985,39.0,Женский,4,679,0.0,1,Нет,Покинул банк
804,15620756,49.0,Мужской,6,747,202904.64,1,Есть,Покинул банк
805,15616529,34.0,Мужской,3,613,0.0,1,Есть,Остается клиентом
806,15803842,45.0,Женский,3,752,105426.5,2,Нет,Остается клиентом
807,15569098,44.0,Мужской,6,627,153548.12,0,,Покинул банк
808,15749807,31.0,Женский,3,516,0.0,2,Есть,Остается клиентом
809,15572038,35.0,Мужской,9,660,113948.58,1,Есть,Покинул банк
810,15785488,39.0,Женский,9,701,0.0,2,Есть,Остается клиентом
811,15772243,33.0,Женский,9,612,0.0,1,Нет,Покинул банк
812,15591986,46.0,Мужской,6,621,141078.37,1,Нет,Покинул банк
813,15648362,45.0,Мужской,3,728,108924.33,2,Есть,Покинул банк
814,15771154,73.0,Женский,8,683,137732.23,2,Есть,Остается клиентом
815,15632882,37.0,Мужской,1,684,126817.13,2,Есть,Покинул банк
816,15813916,31.0,Женский,1,622,89688.94,1,Есть,Остается клиентом
817,15670823,42.0,Женский,1,651,116646.76,1,Есть,Покинул банк
818,15733966,55.0,Женский,4,496,125292.53,1,Есть,Покинул банк
819,15622833,29.0,Женский,10,835,130420.2,2,Нет,Остается клиентом
820,15576928,23.0,Женский,2,573,0.0,1,Есть,Остается клиентом
821,15605264,47.0,Мужской,0,669,63723.78,2,Есть,Остается клиентом
822,15685372,54.0,Мужской,1,350,152677.48,1,Есть,Покинул банк
823,15801699,43.0,Мужской,5,436,0.0,2,Есть,Остается клиентом
824,15656263,29.0,Мужской,5,764,0.0,2,Есть,Остается клиентом
825,15782879,40.0,Мужской,2,656,0.0,2,Есть,Остается клиентом
826,15734610,42.0,Мужской,4,543,89838.71,3,Есть,Покинул банк
827,15663987,30.0,Мужской,1,723,0.0,3,Есть,Покинул банк
828,15575119,71.0,Мужской,3,779,0.0,2,Есть,Покинул банк
829,15627220,43.0,Женский,9,735,98807.45,0,,Покинул банк
830,15795878,,Мужской,3,636,0.0,2,Есть,Остается клиентом
831,15573171,,Мужской,1,695,146202.93,1,Есть,Покинул банк
832,15641312,36.0,Мужской,6,615,0.0,1,Есть,Покинул банк
833,15664615,30.0,Женский,5,689,136650.89,1,Есть,Покинул банк
834,15806230,40.0,Мужской,2,629,121647.54,2,Есть,Покинул банк
835,15705991,,Мужской,9,469,113599.42,0,,Остается клиентом
836,15656710,40.0,Мужской,4,613,0.0,1,Нет,Остается клиентом
837,15678374,59.0,Женский,5,666,0.0,2,Есть,Остается клиентом
838,15662736,49.0,Мужской,2,559,147069.78,1,Есть,Покинул банк
839,15653753,43.0,Мужской,6,542,113567.94,1,Есть,Остается клиентом
840,15700212,46.0,Женский,10,475,0.0,2,Нет,Покинул банк
841,15583067,36.0,Женский,4,687,97157.96,0,,Остается клиентом
842,15622801,27.0,Женский,8,555,102000.17,1,Есть,Остается клиентом
843,15751180,40.0,Женский,7,539,81132.21,1,Есть,Остается клиентом
844,15661656,38.0,Мужской,2,633,91902.56,2,Есть,Остается клиентом
845,15775803,41.0,Мужской,1,841,0.0,2,Нет,Остается клиентом
846,15810227,34.0,Мужской,2,421,0.0,2,Есть,Остается клиентом
847,15744240,46.0,Женский,0,688,74458.25,0,,Остается клиентом
848,15627305,35.0,Мужской,7,606,0.0,1,Есть,Покинул банк
849,15689602,,Мужской,2,698,130015.24,1,Есть,Остается клиентом
850,15704657,39.0,Мужской,3,601,72647.64,1,Есть,Покинул банк
851,15641688,18.0,Мужской,7,644,0.0,1,Нет,Покинул банк
852,15596175,67.0,Мужской,6,659,117411.6,1,Есть,Покинул банк
853,15573854,62.0,Мужской,5,727,0.0,2,Нет,Остается клиентом
854,15729718,,Мужской,6,610,0.0,3,Нет,Покинул банк
855,15697546,36.0,Женский,3,570,0.0,2,Есть,Остается клиентом
856,15801915,31.0,Женский,6,529,152310.55,1,Есть,Остается клиентом
857,15797219,40.0,Женский,10,635,123497.58,1,Есть,Покинул банк
858,15788022,41.0,Женский,4,802,90757.64,2,Нет,Остается клиентом
859,15674637,68.0,Женский,3,491,107571.61,0,,Остается клиентом
860,15793424,28.0,Женский,8,663,61274.7,2,Есть,Остается клиентом
861,15790113,71.0,Женский,6,609,113317.1,1,Есть,Покинул банк
862,15585100,40.0,Женский,9,511,124401.6,1,Есть,Покинул банк
863,15697441,29.0,Мужской,7,485,182123.79,1,Есть,Покинул банк
864,15677371,30.0,Женский,2,629,34013.63,1,Есть,Остается клиентом
865,15706537,59.0,Женский,7,577,111396.97,1,Нет,Остается клиентом
866,15725664,38.0,Женский,8,549,107283.4,1,Нет,Остается клиентом
867,15684269,35.0,Женский,3,707,56674.48,1,Есть,Покинул банк
868,15801904,28.0,Мужской,0,677,143988.0,2,Есть,Покинул банк
869,15566030,41.0,Мужской,5,497,80542.81,0,,Покинул банк
870,15673984,35.0,Женский,8,536,0.0,1,Есть,Покинул банк
871,15585599,34.0,Женский,8,530,0.0,2,Нет,Остается клиентом
872,15669253,39.0,Мужской,7,754,157691.98,2,Есть,Покинул банк
873,15648030,33.0,Женский,5,731,137388.01,2,Есть,Остается клиентом
874,15710105,26.0,Женский,3,581,105099.45,1,Есть,Покинул банк
875,15617482,52.0,Женский,1,489,131441.51,1,Есть,Покинул банк
876,15662501,48.0,Мужской,3,583,91246.53,1,Есть,Покинул банк
877,15581526,,Мужской,1,574,0.0,2,Нет,Остается клиентом
878,15664543,40.0,Мужской,7,699,0.0,1,Нет,Покинул банк
879,15815070,44.0,Женский,5,566,141428.99,2,Нет,Остается клиентом
880,15785490,50.0,Мужской,3,771,105229.72,1,Есть,Покинул банк
881,15607786,26.0,Мужской,6,709,156551.63,1,Нет,Остается клиентом
882,15773338,58.0,Мужской,2,739,101579.28,1,Есть,Остается клиентом
883,15684010,74.0,Женский,2,640,116800.25,1,Есть,Остается клиентом
884,15681671,28.0,Мужской,2,850,101100.22,2,Есть,Остается клиентом
885,15809800,38.0,Женский,4,726,0.0,2,Нет,Остается клиентом
886,15722479,37.0,Мужской,1,707,0.0,2,Нет,Остается клиентом
887,15798470,48.0,Женский,1,764,75990.97,1,Есть,Покинул банк
888,15637788,23.0,Мужской,3,743,110203.77,1,Есть,Остается клиентом
889,15712536,36.0,Женский,3,625,0.0,2,Есть,Покинул банк
890,15642394,35.0,Мужской,5,529,0.0,2,Есть,Остается клиентом
891,15659651,31.0,Женский,7,531,117052.82,1,Есть,Покинул банк
892,15570835,57.0,Женский,4,491,112044.72,1,Есть,Покинул банк
893,15645355,34.0,Мужской,3,677,126729.41,1,Есть,Покинул банк
894,15738448,25.0,Женский,3,480,174330.35,2,Нет,Остается клиентом
895,15633930,56.0,Женский,6,648,157559.59,2,Есть,Покинул банк
896,15735878,47.0,Женский,10,850,134381.52,0,,Покинул банк
897,15690169,31.0,Мужской,7,645,161171.7,2,Есть,Покинул банк
898,15720636,50.0,Женский,4,628,143054.56,0,,Покинул банк
899,15610337,35.0,Мужской,2,666,104832.49,1,Есть,Остается клиентом
900,15610900,70.0,Женский,9,770,110738.89,1,Есть,Покинул банк
901,15635776,43.0,Женский,5,686,154846.24,2,Есть,Остается клиентом
902,15732281,34.0,Мужской,6,680,146422.22,1,Есть,Покинул банк
903,15743245,42.0,Мужской,3,624,145155.37,1,Есть,Покинул банк
904,15666095,51.0,Мужской,4,753,79811.72,2,Нет,Покинул банк
905,15716186,38.0,Женский,2,586,0.0,2,Есть,Остается клиентом
906,15641822,19.0,Женский,1,648,0.0,2,Нет,Остается клиентом
907,15766776,41.0,Мужской,1,576,0.0,1,Есть,Остается клиентом
908,15697310,28.0,Женский,3,559,152264.81,0,,Остается клиентом
909,15670668,29.0,Мужской,5,658,75395.53,2,Нет,Остается клиентом
910,15750772,38.0,Женский,6,671,132129.72,0,,Остается клиентом
911,15712807,46.0,Мужской,3,556,131764.96,1,Есть,Покинул банк
912,15642824,56.0,Женский,8,826,174506.1,2,Нет,Покинул банк
913,15734246,21.0,Женский,8,746,166883.07,2,Нет,Остается клиентом
914,15790235,40.0,Мужской,8,778,104291.41,2,Есть,Остается клиентом
915,15755077,37.0,Женский,0,778,105617.73,2,Есть,Покинул банк
916,15569682,37.0,Мужской,9,768,108308.11,1,Есть,Покинул банк
917,15720713,29.0,Женский,10,850,0.0,2,Есть,Остается клиентом
918,15740104,22.0,Женский,7,425,169649.73,2,Нет,Покинул банк
919,15600739,35.0,Женский,0,562,0.0,2,Есть,Остается клиентом
920,15622289,36.0,Женский,9,605,0.0,2,Нет,Остается клиентом
921,15568748,45.0,Мужской,6,671,99564.22,1,Есть,Покинул банк
922,15655859,35.0,Мужской,5,848,120046.74,2,Есть,Остается клиентом
923,15814465,24.0,Мужской,1,612,182705.05,1,Есть,Остается клиентом
924,15570769,69.0,Мужской,9,494,93320.8,1,Есть,Остается клиентом
925,15694666,48.0,Мужской,8,707,88441.64,1,Есть,Покинул банк
926,15624188,33.0,Женский,6,712,0.0,2,Есть,Остается клиентом
927,15780038,38.0,Мужской,6,756,119208.85,1,Есть,Покинул банк
928,15761554,54.0,Мужской,4,581,89299.81,0,,Покинул банк
929,15800062,49.0,Мужской,8,850,0.0,0,,Покинул банк
930,15589805,34.0,Женский,6,563,139810.34,1,Есть,Остается клиентом
931,15684669,41.0,Женский,9,567,137891.35,1,Есть,Покинул банк
932,15675794,47.0,Мужской,9,645,152076.93,1,Есть,Покинул банк
933,15753370,,Женский,5,691,114753.76,1,Есть,Остается клиентом
934,15716994,24.0,Мужской,3,559,114739.92,1,Есть,Покинул банк
935,15573456,46.0,Мужской,9,648,127209.0,2,Есть,Покинул банк
936,15777907,33.0,Женский,3,791,0.0,1,Есть,Покинул банк
937,15686463,38.0,Мужской,7,626,141074.59,1,Есть,Покинул банк
938,15746594,33.0,Мужской,8,732,0.0,1,Есть,Остается клиентом
939,15759067,37.0,Женский,7,537,158411.95,4,Есть,Покинул банк
940,15668347,36.0,Мужской,6,624,0.0,2,Нет,Остается клиентом
941,15725737,46.0,Мужской,3,669,0.0,2,Нет,Остается клиентом
942,15787699,34.0,Мужской,4,650,142393.11,1,Есть,Остается клиентом
943,15702095,56.0,Женский,1,585,128472.8,1,Есть,Покинул банк
944,15784923,37.0,Женский,3,705,109974.22,1,Есть,Покинул банк
945,15616221,29.0,Женский,4,497,85646.81,0,,Покинул банк
946,15643630,55.0,Мужской,9,770,63127.41,2,Есть,Покинул банк
947,15612627,29.0,Мужской,5,627,139541.58,2,Есть,Остается клиентом
948,15724620,37.0,Мужской,1,538,134752.08,1,Есть,Остается клиентом
949,15576723,37.0,Женский,7,740,0.0,2,Есть,Остается клиентом
950,15710365,50.0,Мужской,0,646,104129.24,2,Есть,Покинул банк
951,15568878,,Мужской,5,654,0.0,2,Есть,Остается клиентом
952,15746451,41.0,Мужской,7,686,102749.72,1,Нет,Остается клиентом
953,15797736,29.0,Мужской,4,658,80262.6,1,Есть,Остается клиентом
954,15690134,42.0,Женский,3,464,85679.25,1,Есть,Остается клиентом
955,15806688,56.0,Женский,8,726,123110.9,3,Нет,Покинул банк
956,15578186,37.0,Мужской,9,486,115217.99,2,Есть,Остается клиентом
957,15652169,35.0,Мужской,2,642,133161.95,0,,Остается клиентом
958,15778947,36.0,Мужской,3,628,0.0,2,Есть,Остается клиентом
959,15645404,51.0,Женский,4,625,124620.01,2,Есть,Покинул банк
960,15585198,41.0,Мужской,4,715,94267.9,1,Нет,Покинул банк
961,15686999,40.0,Женский,8,556,0.0,2,Есть,Остается клиентом
962,15713975,47.0,Женский,10,565,139756.12,1,Есть,Покинул банк
963,15603554,45.0,Женский,0,513,164649.52,3,Есть,Покинул банк
964,15658716,37.0,Женский,5,667,92171.35,3,Есть,Покинул банк
965,15803689,51.0,Женский,1,647,119741.77,2,Нет,Покинул банк
966,15808544,,Женский,3,747,0.0,0,,Покинул банк
967,15606641,56.0,Мужской,10,762,100260.88,3,Есть,Покинул банк
968,15668575,26.0,Женский,8,626,148610.41,3,Нет,Покинул банк
969,15595303,46.0,Мужской,5,736,130812.91,1,Есть,Покинул банк
970,15734312,43.0,Мужской,6,577,0.0,2,Есть,Остается клиентом
971,15798348,50.0,Женский,6,600,94684.27,1,Есть,Остается клиентом
972,15754084,35.0,Мужской,1,710,106518.52,1,Есть,Остается клиентом
973,15601589,57.0,Женский,8,675,0.0,2,Нет,Остается клиентом
974,15677123,37.0,Мужской,7,767,0.0,2,Есть,Остается клиентом
975,15666548,56.0,Женский,2,466,111920.13,3,Есть,Покинул банк
976,15761654,30.0,Мужской,8,726,134152.29,1,Есть,Остается клиентом
977,15603135,59.0,Женский,3,634,95727.05,0,,Покинул банк
978,15575694,45.0,Женский,7,729,91091.06,2,Есть,Остается клиентом
979,15672912,39.0,Женский,7,737,130051.66,2,Нет,Покинул банк
980,15702298,41.0,Мужской,8,655,125561.97,1,Нет,Покинул банк
981,15733229,34.0,Женский,7,638,0.0,2,Нет,Остается клиентом
982,15604482,30.0,Мужской,2,850,141040.01,1,Есть,Остается клиентом
983,15705860,40.0,Мужской,3,631,107949.45,1,Есть,Покинул банк
984,15729489,34.0,Женский,8,762,98592.88,1,Нет,Покинул банк
985,15748797,33.0,Женский,0,636,0.0,1,Есть,Покинул банк
986,15603247,35.0,Женский,1,743,146781.24,1,Есть,Остается клиентом
987,15665221,26.0,Мужской,7,630,129837.72,2,Нет,Остается клиентом
988,15725906,51.0,Женский,8,665,0.0,1,Есть,Покинул банк
989,15771270,27.0,Женский,8,635,127471.56,1,Есть,Покинул банк
990,15603582,34.0,Женский,3,569,0.0,1,Есть,Остается клиентом
991,15623210,,Женский,8,484,149349.58,3,Нет,Покинул банк
992,15671591,52.0,Мужской,3,439,96196.24,4,Есть,Покинул банк
993,15806918,28.0,Мужской,5,674,0.0,1,Есть,Остается клиентом
994,15684861,32.0,Женский,8,726,0.0,2,Нет,Остается клиентом
995,15649450,24.0,Мужской,6,805,143221.35,2,Есть,Остается клиентом
996,15734892,37.0,Мужской,4,579,0.0,2,Есть,Остается клиентом
997,15739692,42.0,Мужской,1,679,0.0,2,Нет,Остается клиентом
998,15810457,33.0,Женский,9,728,150412.14,2,Есть,Остается клиентом
999,15590810,41.0,Женский,9,638,144326.09,1,Есть,Покинул банк
